INSERT INTO "User" ("Id", "Name", "Email", "PasswordHash", "IsFoodMeatOk", "IsFoodPlantOk", "IsWaterOk", "IsElectricityOk", "IsCarPetrolOk", "IsCarDieselOk", "IsCarElectricOk", "IsCarHybridOk", "IsCarHydrogenOk", "IsCarMethaneOk", "IsCarPropaneOk", "IsPublicTransportOk", "IsTrainOk", "IsAirplaneOk", "IsFoodWasteOk", "IsOtherWasteOk", "IsPlasticWasteOk", "IsGlassWasteOk", "IsPaperWasteOk", "IsMetalWasteOk", "IsPlasticRecycledOk", "IsGlassRecycledOk", "IsPaperRecycledOk", "IsMetalRecycledOk") VALUES
(1, 'Kevin Baker', 'kevin-baker1@example.com', 'hashed_password_1', 1, 1, 0, 1, 0, 0, 0, 0, 0, 1, 0, 0, 1, 0, 1, 0, 1, 0, 1, 0, 0, 1, 0, 0),
(2, 'Christopher Howard', 'christopher-howard2@example.com', 'hashed_password_2', 0, 0, 0, 1, 1, 0, 0, 1, 1, 0, 1, 0, 1, 1, 1, 1, 1, 0, 1, 1, 0, 0, 1, 1),
(3, 'Ashley Young', 'ashley-young3@example.com', 'hashed_password_3', 1, 1, 1, 1, 0, 1, 1, 0, 1, 0, 0, 1, 1, 1, 1, 0, 0, 1, 0, 1, 1, 0, 1, 0),
(4, 'Jackson Rodriguez', 'jackson-rodriguez4@example.com', 'hashed_password_4', 0, 0, 1, 1, 1, 1, 0, 0, 0, 1, 1, 0, 1, 1, 1, 0, 1, 1, 0, 1, 0, 0, 0, 0),
(5, 'Angel Collins', 'angel-collins5@example.com', 'hashed_password_5', 1, 0, 1, 0, 1, 1, 0, 1, 0, 1, 1, 1, 0, 1, 1, 0, 0, 0, 0, 0, 0, 0, 0, 1),
(6, 'Madelyn Ortiz', 'madelyn-ortiz6@example.com', 'hashed_password_6', 1, 0, 0, 0, 0, 0, 1, 0, 0, 0, 1, 0, 0, 1, 1, 0, 0, 1, 1, 1, 1, 1, 1, 1),
(7, 'Jace Mendoza', 'jace-mendoza7@example.com', 'hashed_password_7', 1, 0, 1, 0, 0, 1, 1, 1, 1, 0, 1, 0, 1, 0, 0, 0, 1, 0, 1, 0, 0, 0, 0, 1),
(8, 'Dylan Howard', 'dylan-howard8@example.com', 'hashed_password_8', 0, 1, 1, 0, 1, 0, 0, 1, 0, 0, 0, 1, 0, 0, 1, 0, 0, 1, 1, 0, 0, 0, 1, 0),
(9, 'Rebecca Cruz', 'rebecca-cruz9@example.com', 'hashed_password_9', 0, 1, 1, 1, 1, 0, 0, 1, 1, 0, 1, 0, 0, 0, 1, 1, 1, 1, 1, 0, 0, 0, 1, 1),
(10, 'Ellie Richardson', 'ellie-richardson10@example.com', 'hashed_password_10', 1, 1, 1, 0, 0, 0, 0, 0, 0, 0, 1, 1, 1, 0, 0, 0, 1, 0, 1, 0, 0, 1, 0, 1),
(11, 'Ashley Reyes', 'ashley-reyes11@example.com', 'hashed_password_11', 0, 1, 0, 0, 0, 1, 1, 1, 1, 0, 1, 1, 1, 0, 0, 1, 1, 1, 0, 0, 1, 0, 1, 1),
(12, 'Mackenzie Bennett', 'mackenzie-bennett12@example.com', 'hashed_password_12', 1, 1, 0, 1, 1, 1, 0, 0, 1, 1, 0, 0, 1, 0, 1, 0, 1, 0, 1, 0, 1, 0, 0, 1),
(13, 'Jack Clark', 'jack-clark13@example.com', 'hashed_password_13', 1, 1, 0, 0, 1, 1, 0, 0, 0, 0, 0, 0, 0, 0, 1, 1, 0, 1, 0, 0, 1, 1, 0, 0),
(14, 'Jason Baker', 'jason-baker14@example.com', 'hashed_password_14', 1, 1, 0, 0, 0, 0, 0, 0, 0, 1, 0, 1, 0, 1, 1, 1, 1, 0, 0, 1, 1, 0, 0, 0),
(15, 'Colton Carter', 'colton-carter15@example.com', 'hashed_password_15', 1, 0, 0, 1, 1, 0, 1, 0, 1, 1, 1, 0, 0, 0, 1, 1, 1, 0, 0, 0, 0, 1, 0, 0),
(16, 'Dominic James', 'dominic-james16@example.com', 'hashed_password_16', 1, 1, 1, 0, 0, 0, 0, 0, 0, 0, 1, 1, 0, 0, 0, 0, 1, 1, 0, 0, 1, 0, 0, 1),
(17, 'Samantha James', 'samantha-james17@example.com', 'hashed_password_17', 0, 1, 0, 0, 1, 1, 1, 1, 1, 1, 0, 0, 0, 1, 0, 0, 1, 0, 1, 1, 1, 1, 1, 1),
(18, 'Hailey Ramos', 'hailey-ramos18@example.com', 'hashed_password_18', 1, 0, 0, 0, 0, 1, 1, 1, 0, 1, 0, 0, 1, 1, 0, 0, 1, 0, 0, 1, 0, 1, 1, 1),
(19, 'Owen Roberts', 'owen-roberts19@example.com', 'hashed_password_19', 0, 1, 0, 1, 1, 0, 0, 0, 0, 0, 1, 1, 1, 1, 1, 1, 0, 1, 0, 0, 0, 0, 0, 0),
(20, 'Isabella Nguyen', 'isabella-nguyen20@example.com', 'hashed_password_20', 0, 0, 1, 0, 0, 0, 0, 0, 0, 0, 0, 1, 1, 1, 0, 0, 0, 0, 0, 1, 1, 1, 0, 0),
(21, 'Samuel Bailey', 'samuel-bailey21@example.com', 'hashed_password_21', 0, 0, 1, 1, 0, 0, 1, 1, 1, 1, 0, 0, 0, 1, 1, 1, 1, 1, 0, 1, 0, 1, 1, 0),
(22, 'Violet Roberts', 'violet-roberts22@example.com', 'hashed_password_22', 1, 1, 1, 1, 0, 1, 0, 1, 1, 0, 0, 0, 1, 1, 1, 1, 0, 0, 1, 1, 1, 0, 1, 1),
(23, 'David Collins', 'david-collins23@example.com', 'hashed_password_23', 0, 0, 1, 1, 1, 0, 1, 1, 0, 1, 1, 1, 1, 1, 0, 0, 0, 1, 1, 0, 0, 1, 0, 1),
(24, 'Sean Turner', 'sean-turner24@example.com', 'hashed_password_24', 1, 0, 1, 0, 0, 0, 1, 1, 1, 1, 0, 0, 0, 1, 0, 0, 1, 1, 1, 0, 1, 0, 1, 0),
(25, 'William Myers', 'william-myers25@example.com', 'hashed_password_25', 0, 1, 1, 1, 0, 0, 0, 0, 0, 0, 1, 0, 0, 1, 1, 1, 1, 0, 0, 1, 0, 0, 0, 1),
(26, 'Taylor Howard', 'taylor-howard26@example.com', 'hashed_password_26', 0, 0, 0, 1, 1, 0, 0, 1, 0, 1, 1, 0, 0, 1, 0, 1, 1, 1, 1, 0, 1, 0, 1, 0),
(27, 'Autumn Lopez', 'autumn-lopez27@example.com', 'hashed_password_27', 0, 0, 1, 1, 0, 0, 0, 0, 0, 0, 1, 0, 0, 0, 0, 0, 1, 1, 1, 1, 1, 1, 0, 0),
(28, 'Nathaniel Young', 'nathaniel-young28@example.com', 'hashed_password_28', 1, 1, 1, 1, 1, 0, 0, 0, 0, 1, 1, 0, 1, 1, 1, 0, 0, 1, 1, 0, 1, 0, 1, 0),
(29, 'Ryan Peterson', 'ryan-peterson29@example.com', 'hashed_password_29', 1, 0, 1, 1, 0, 0, 0, 0, 1, 1, 1, 1, 1, 0, 0, 1, 1, 0, 0, 1, 0, 0, 0, 0),
(30, 'Jessica Price', 'jessica-price30@example.com', 'hashed_password_30', 0, 1, 0, 0, 0, 1, 1, 1, 0, 1, 0, 0, 1, 0, 1, 0, 1, 0, 0, 1, 1, 0, 1, 0),
(31, 'Jack Stewart', 'jack-stewart31@example.com', 'hashed_password_31', 1, 0, 1, 1, 1, 0, 1, 0, 1, 0, 0, 1, 0, 0, 1, 0, 1, 1, 0, 1, 0, 0, 1, 0),
(32, 'Kylie Green', 'kylie-green32@example.com', 'hashed_password_32', 0, 1, 1, 1, 0, 0, 1, 1, 0, 0, 0, 0, 1, 0, 1, 0, 1, 1, 1, 0, 0, 1, 0, 1),
(33, 'Kayla Young', 'kayla-young33@example.com', 'hashed_password_33', 1, 1, 1, 0, 1, 0, 0, 1, 0, 1, 1, 1, 0, 1, 0, 1, 0, 1, 0, 0, 1, 1, 1, 0),
(34, 'Jack Bennett', 'jack-bennett34@example.com', 'hashed_password_34', 1, 1, 1, 1, 1, 0, 0, 1, 0, 0, 1, 1, 1, 1, 1, 0, 1, 1, 1, 0, 0, 1, 1, 1),
(35, 'Ella Cox', 'ella-cox35@example.com', 'hashed_password_35', 1, 0, 0, 1, 1, 1, 1, 0, 0, 0, 0, 0, 1, 1, 0, 0, 1, 1, 0, 0, 1, 1, 0, 0),
(36, 'Autumn Parker', 'autumn-parker36@example.com', 'hashed_password_36', 1, 1, 0, 0, 0, 0, 0, 1, 1, 1, 1, 0, 1, 0, 1, 0, 0, 1, 1, 1, 1, 1, 0, 1),
(37, 'Piper Morales', 'piper-morales37@example.com', 'hashed_password_37', 1, 1, 0, 1, 0, 1, 1, 0, 1, 1, 0, 1, 0, 0, 1, 1, 0, 1, 1, 1, 0, 1, 0, 1),
(38, 'Austin Clark', 'austin-clark38@example.com', 'hashed_password_38', 1, 1, 1, 0, 0, 0, 1, 1, 0, 0, 0, 0, 0, 0, 0, 1, 1, 0, 1, 1, 1, 0, 1, 0),
(39, 'Joseph Price', 'joseph-price39@example.com', 'hashed_password_39', 1, 0, 1, 0, 1, 0, 1, 1, 0, 0, 0, 1, 0, 0, 0, 0, 1, 1, 1, 0, 1, 1, 1, 0),
(40, 'Savannah Taylor', 'savannah-taylor40@example.com', 'hashed_password_40', 1, 1, 1, 0, 0, 0, 1, 0, 1, 1, 0, 1, 0, 1, 0, 0, 1, 1, 1, 0, 1, 1, 0, 1),
(41, 'Jason Parker', 'jason-parker41@example.com', 'hashed_password_41', 0, 1, 0, 0, 1, 0, 0, 1, 1, 0, 1, 1, 1, 0, 0, 0, 0, 0, 0, 0, 1, 0, 0, 1),
(42, 'Joshua Cook', 'joshua-cook42@example.com', 'hashed_password_42', 0, 1, 1, 1, 1, 0, 1, 0, 1, 0, 1, 0, 0, 1, 1, 1, 0, 0, 1, 0, 0, 0, 0, 1),
(43, 'Rachel Walker', 'rachel-walker43@example.com', 'hashed_password_43', 0, 1, 0, 1, 1, 1, 1, 1, 1, 0, 0, 0, 0, 1, 1, 1, 0, 0, 0, 1, 0, 1, 1, 0),
(44, 'Christopher Flores', 'christopher-flores44@example.com', 'hashed_password_44', 0, 0, 1, 0, 1, 1, 0, 0, 1, 0, 0, 0, 0, 0, 1, 1, 0, 1, 0, 1, 1, 0, 0, 1),
(45, 'Skylar Chavez', 'skylar-chavez45@example.com', 'hashed_password_45', 0, 0, 0, 0, 0, 1, 0, 1, 1, 1, 1, 0, 1, 1, 0, 0, 1, 0, 0, 1, 1, 1, 1, 1),
(46, 'Taylor James', 'taylor-james46@example.com', 'hashed_password_46', 1, 0, 0, 0, 1, 0, 0, 0, 0, 0, 1, 1, 1, 1, 0, 1, 1, 1, 1, 0, 1, 1, 0, 0),
(47, 'Joseph Phillips', 'joseph-phillips47@example.com', 'hashed_password_47', 1, 0, 0, 0, 0, 1, 1, 1, 0, 1, 1, 0, 1, 1, 0, 1, 0, 1, 1, 1, 0, 0, 1, 1),
(48, 'Nora Hall', 'nora-hall48@example.com', 'hashed_password_48', 0, 0, 0, 1, 1, 1, 1, 0, 0, 1, 1, 0, 0, 1, 1, 0, 1, 0, 0, 1, 1, 1, 1, 0),
(49, 'Lydia Garcia', 'lydia-garcia49@example.com', 'hashed_password_49', 1, 1, 0, 0, 0, 0, 1, 0, 1, 1, 0, 1, 0, 1, 0, 1, 1, 1, 0, 1, 0, 1, 0, 1),
(50, 'Kayla Martinez', 'kayla-martinez50@example.com', 'hashed_password_50', 1, 1, 1, 0, 0, 1, 1, 0, 0, 0, 0, 1, 1, 0, 1, 1, 1, 1, 1, 0, 0, 1, 0, 0);

INSERT INTO "Household" ("Id", "UserId", "HouseType", "HeatingType", "ResidentCount") VALUES
(1, 1, 1, 4, 1),
(2, 2, 3, 1, 5),
(3, 3, 1, 5, 5),
(4, 4, 2, 5, 4),
(5, 5, 3, 2, 2),
(6, 6, 3, 2, 1),
(7, 7, 0, 4, 2),
(8, 8, 0, 3, 3),
(9, 9, 3, 1, 1),
(10, 10, 4, 1, 4),
(11, 11, 2, 1, 2),
(12, 12, 1, 1, 2),
(13, 13, 2, 0, 3),
(14, 14, 1, 3, 3),
(15, 15, 3, 3, 5),
(16, 16, 4, 2, 2),
(17, 17, 0, 1, 3),
(18, 18, 4, 0, 1),
(19, 19, 1, 0, 4),
(20, 20, 4, 0, 1),
(21, 21, 3, 1, 3),
(22, 22, 0, 3, 3),
(23, 23, 0, 1, 1),
(24, 24, 1, 3, 5),
(25, 25, 4, 2, 3),
(26, 26, 2, 4, 4),
(27, 27, 3, 5, 3),
(28, 28, 4, 3, 5),
(29, 29, 2, 0, 2),
(30, 30, 4, 5, 5),
(31, 31, 3, 1, 5),
(32, 32, 3, 3, 3),
(33, 33, 0, 4, 4),
(34, 34, 0, 2, 4),
(35, 35, 3, 4, 2),
(36, 36, 4, 3, 3),
(37, 37, 2, 0, 3),
(38, 38, 0, 1, 1),
(39, 39, 4, 4, 2),
(40, 40, 0, 5, 1),
(41, 41, 2, 1, 2),
(42, 42, 0, 2, 2),
(43, 43, 1, 3, 5),
(44, 44, 4, 0, 2),
(45, 45, 2, 4, 2),
(46, 46, 3, 0, 3),
(47, 47, 3, 4, 1),
(48, 48, 0, 3, 4),
(49, 49, 0, 1, 2),
(50, 50, 4, 2, 1);

INSERT INTO "Survey" ("Id", "UserId", "CompletedAt", "ReportedDays") VALUES
(1, 1, '2024-05-31T13:15:11', 4.37),
(2, 1, '2024-07-22T04:31:49', 5.0),
(3, 1, '2024-08-28T10:34:57', 4.01),
(4, 1, '2024-04-23T05:39:38', 11.22),
(5, 1, '2025-01-18T04:12:30', 7.45),
(6, 1, '2024-04-22T02:26:13', 1.18),
(7, 1, '2024-12-25T01:18:58', 6.29),
(8, 1, '2025-03-03T10:11:59', 7.35),
(9, 1, '2024-12-11T16:48:24', 12.56),
(10, 1, '2024-12-13T19:46:10', 13.3),
(11, 2, '2025-03-10T00:33:45', 12.23),
(12, 2, '2025-02-11T17:29:02', 4.94),
(13, 2, '2024-07-07T11:16:32', 11.88),
(14, 2, '2024-08-17T16:26:11', 9.5),
(15, 2, '2024-07-08T06:08:37', 2.73),
(16, 2, '2024-12-21T16:37:51', 10.01),
(17, 2, '2025-02-09T18:38:01', 11.85),
(18, 2, '2024-05-27T06:58:37', 11.23),
(19, 2, '2024-10-26T18:57:51', 5.45),
(20, 2, '2024-12-12T18:32:18', 3.91),
(21, 3, '2024-06-04T12:01:40', 7.36),
(22, 3, '2025-01-06T14:03:15', 3.98),
(23, 3, '2024-09-12T19:02:05', 2.87),
(24, 3, '2025-04-05T11:09:17', 10.26),
(25, 3, '2025-02-21T10:08:42', 9.79),
(26, 3, '2024-08-24T17:43:08', 2.91),
(27, 3, '2024-11-04T14:42:21', 8.26),
(28, 3, '2024-08-25T03:29:38', 5.16),
(29, 3, '2025-04-13T06:03:11', 12.82),
(30, 3, '2024-08-31T03:48:24', 5.31),
(31, 4, '2025-02-10T16:58:27', 9.22),
(32, 4, '2025-04-10T20:54:43', 4.75),
(33, 4, '2024-05-02T16:01:38', 3.01),
(34, 4, '2024-05-07T15:54:49', 7.78),
(35, 4, '2025-04-04T15:25:35', 11.09),
(36, 4, '2024-05-15T19:18:33', 3.25),
(37, 4, '2024-08-31T20:07:18', 8.12),
(38, 4, '2024-04-19T12:17:37', 1.65),
(39, 4, '2025-02-12T09:11:18', 7.83),
(40, 4, '2024-08-17T16:39:58', 11.81),
(41, 5, '2024-10-08T16:38:22', 8.68),
(42, 5, '2024-12-02T15:32:48', 7.57),
(43, 5, '2024-11-07T14:35:53', 8.9),
(44, 5, '2025-02-15T09:37:45', 13.51),
(45, 5, '2024-11-13T15:28:01', 1.62),
(46, 5, '2024-06-04T05:37:51', 11.13),
(47, 5, '2024-08-30T00:28:42', 5.24),
(48, 5, '2025-03-23T09:30:46', 9.28),
(49, 5, '2024-11-25T14:02:25', 11.82),
(50, 5, '2024-12-31T18:19:43', 13.38),
(51, 6, '2025-01-30T18:41:03', 10.18),
(52, 6, '2025-04-08T06:40:04', 5.99),
(53, 6, '2025-01-30T04:30:43', 9.37),
(54, 6, '2024-07-30T11:08:58', 11.58),
(55, 6, '2025-02-26T23:55:55', 2.42),
(56, 6, '2024-06-21T05:18:07', 5.3),
(57, 6, '2024-10-07T12:59:57', 10.6),
(58, 6, '2025-02-21T17:51:29', 13.98),
(59, 6, '2025-01-24T17:58:18', 1.71),
(60, 6, '2025-04-05T16:02:13', 4.15),
(61, 7, '2024-12-30T09:54:12', 7.54),
(62, 7, '2024-12-27T13:03:25', 1.57),
(63, 7, '2024-12-01T05:05:43', 10.0),
(64, 7, '2024-12-29T12:56:16', 13.7),
(65, 7, '2025-02-19T19:46:08', 12.73),
(66, 7, '2024-10-08T17:09:12', 13.3),
(67, 7, '2024-08-17T12:28:30', 7.54),
(68, 7, '2024-07-28T00:21:36', 11.8),
(69, 7, '2024-08-13T19:43:48', 3.05),
(70, 7, '2025-03-18T00:49:43', 9.73),
(71, 8, '2024-08-03T19:51:01', 2.35),
(72, 8, '2024-09-13T22:22:33', 2.99),
(73, 8, '2024-10-29T06:41:06', 8.64),
(74, 8, '2024-06-23T02:18:13', 6.0),
(75, 8, '2024-10-05T23:48:15', 11.72),
(76, 8, '2024-08-31T21:10:49', 13.37),
(77, 8, '2024-05-20T05:47:41', 7.97),
(78, 8, '2024-12-14T11:39:08', 13.12),
(79, 8, '2024-12-10T07:48:10', 2.93),
(80, 8, '2024-08-20T07:32:40', 11.3),
(81, 9, '2024-07-26T02:43:54', 4.28),
(82, 9, '2024-10-11T00:39:41', 8.8),
(83, 9, '2024-08-18T03:04:31', 4.41),
(84, 9, '2024-11-20T01:16:59', 1.76),
(85, 9, '2025-03-13T17:24:14', 4.82),
(86, 9, '2024-10-31T20:54:02', 4.03),
(87, 9, '2025-04-08T16:28:50', 9.71),
(88, 9, '2025-01-09T18:18:17', 3.89),
(89, 9, '2024-05-22T22:52:56', 4.52),
(90, 9, '2025-04-12T00:13:29', 12.79),
(91, 10, '2024-06-26T17:16:20', 1.21),
(92, 10, '2025-02-04T02:07:35', 4.0),
(93, 10, '2024-12-26T18:45:11', 7.78),
(94, 10, '2025-03-27T12:41:22', 8.15),
(95, 10, '2025-03-06T18:37:11', 12.7),
(96, 10, '2025-01-14T06:33:44', 4.95),
(97, 10, '2024-04-26T22:05:13', 1.08),
(98, 10, '2024-10-23T13:34:38', 9.62),
(99, 10, '2024-09-11T20:29:03', 8.86),
(100, 10, '2025-04-14T04:06:21', 4.28),
(101, 11, '2024-12-17T02:59:12', 11.85),
(102, 11, '2024-05-02T18:40:48', 2.15),
(103, 11, '2024-10-04T06:25:21', 8.29),
(104, 11, '2024-10-03T07:41:48', 5.77),
(105, 11, '2024-05-26T15:22:03', 10.77),
(106, 11, '2025-03-10T15:30:49', 13.95),
(107, 11, '2024-07-14T00:12:05', 11.4),
(108, 11, '2025-04-14T08:05:43', 2.55),
(109, 11, '2025-01-16T01:53:16', 9.73),
(110, 11, '2024-10-25T14:49:21', 11.28),
(111, 12, '2025-03-15T18:48:12', 3.97),
(112, 12, '2024-08-12T07:42:53', 5.87),
(113, 12, '2024-09-08T03:10:30', 9.21),
(114, 12, '2025-01-01T23:00:14', 5.78),
(115, 12, '2025-03-01T05:29:15', 2.74),
(116, 12, '2024-11-27T22:04:27', 7.98),
(117, 12, '2024-09-28T07:14:56', 10.8),
(118, 12, '2024-11-29T05:30:20', 1.29),
(119, 12, '2024-12-03T21:49:20', 8.02),
(120, 12, '2024-09-14T22:22:40', 3.69),
(121, 13, '2024-11-08T02:30:41', 5.69),
(122, 13, '2024-08-01T21:27:51', 9.61),
(123, 13, '2024-10-22T19:06:14', 7.02),
(124, 13, '2024-08-13T12:32:33', 9.2),
(125, 13, '2025-01-30T00:00:51', 2.73),
(126, 13, '2024-10-01T02:28:08', 12.5),
(127, 13, '2025-01-05T02:18:34', 5.01),
(128, 13, '2025-03-16T21:45:59', 3.78),
(129, 13, '2025-03-27T08:36:36', 5.82),
(130, 13, '2024-06-21T16:15:44', 6.31),
(131, 14, '2024-10-08T22:36:14', 12.14),
(132, 14, '2025-04-02T12:53:59', 8.82),
(133, 14, '2024-11-07T02:43:32', 10.7),
(134, 14, '2025-03-28T12:25:12', 1.46),
(135, 14, '2025-02-13T00:08:20', 10.62),
(136, 14, '2024-11-10T15:06:02', 4.8),
(137, 14, '2024-08-15T18:58:41', 6.52),
(138, 14, '2024-05-06T14:31:25', 3.76),
(139, 14, '2024-09-21T01:51:12', 8.28),
(140, 14, '2024-05-20T11:04:08', 7.86),
(141, 15, '2024-11-22T09:31:14', 2.45),
(142, 15, '2025-03-23T20:20:41', 10.24),
(143, 15, '2024-10-15T17:46:13', 11.21),
(144, 15, '2024-06-17T17:07:58', 5.7),
(145, 15, '2024-09-17T21:14:14', 10.05),
(146, 15, '2024-10-04T08:35:40', 10.85),
(147, 15, '2024-07-29T20:11:53', 11.44),
(148, 15, '2024-05-06T04:11:00', 7.69),
(149, 15, '2024-04-27T17:01:58', 4.6),
(150, 15, '2024-10-13T10:31:06', 8.29),
(151, 16, '2024-08-16T17:53:21', 13.32),
(152, 16, '2024-07-04T22:40:35', 12.74),
(153, 16, '2024-12-25T23:36:42', 7.46),
(154, 16, '2024-09-29T04:55:45', 12.18),
(155, 16, '2024-12-23T10:58:01', 8.4),
(156, 16, '2024-07-29T04:02:32', 2.28),
(157, 16, '2024-06-28T17:49:03', 11.93),
(158, 16, '2024-11-10T08:54:09', 5.93),
(159, 16, '2024-12-13T19:01:48', 12.07),
(160, 16, '2024-09-18T21:20:52', 4.79),
(161, 17, '2025-01-02T19:37:40', 11.36),
(162, 17, '2024-08-22T06:36:38', 4.25),
(163, 17, '2024-12-18T11:17:25', 7.7),
(164, 17, '2024-10-29T02:14:48', 2.99),
(165, 17, '2024-11-20T01:46:06', 9.57),
(166, 17, '2025-03-11T16:27:47', 2.92),
(167, 17, '2025-01-10T15:15:10', 6.07),
(168, 17, '2024-11-06T14:36:41', 7.81),
(169, 17, '2025-01-26T00:34:12', 12.72),
(170, 17, '2024-12-28T18:42:46', 12.38),
(171, 18, '2024-09-16T22:45:19', 2.76),
(172, 18, '2024-04-18T21:40:51', 7.41),
(173, 18, '2024-09-21T03:17:41', 11.44),
(174, 18, '2024-05-01T15:01:48', 4.12),
(175, 18, '2025-03-31T17:59:56', 8.61),
(176, 18, '2024-07-18T10:06:57', 11.08),
(177, 18, '2024-08-11T06:21:00', 5.89),
(178, 18, '2024-12-04T16:59:25', 3.29),
(179, 18, '2025-03-31T20:06:30', 12.79),
(180, 18, '2025-02-07T14:50:49', 6.21),
(181, 19, '2024-12-30T08:17:43', 13.29),
(182, 19, '2024-04-29T02:43:27', 10.09),
(183, 19, '2024-11-15T07:01:54', 3.4),
(184, 19, '2025-01-23T05:26:09', 11.21),
(185, 19, '2024-07-20T00:13:21', 7.55),
(186, 19, '2024-06-20T14:32:27', 2.63),
(187, 19, '2025-01-04T23:23:09', 6.44),
(188, 19, '2024-06-29T21:12:57', 9.77),
(189, 19, '2025-02-15T05:35:08', 10.12),
(190, 19, '2024-06-29T23:26:04', 10.42),
(191, 20, '2024-06-07T00:54:15', 7.87),
(192, 20, '2024-09-08T03:28:39', 1.67),
(193, 20, '2024-05-18T07:09:40', 10.55),
(194, 20, '2024-10-20T17:26:02', 11.25),
(195, 20, '2024-11-03T01:39:20', 5.84),
(196, 20, '2024-06-04T17:38:59', 1.91),
(197, 20, '2025-04-07T07:18:03', 4.6),
(198, 20, '2025-02-19T15:14:20', 6.78),
(199, 20, '2024-10-09T06:41:37', 2.87),
(200, 20, '2024-06-30T20:29:32', 4.8),
(201, 21, '2024-06-23T08:11:06', 1.78),
(202, 21, '2024-12-03T23:27:05', 1.04),
(203, 21, '2024-11-13T00:28:18', 12.22),
(204, 21, '2025-01-20T06:31:02', 7.53),
(205, 21, '2025-01-07T05:19:57', 10.79),
(206, 21, '2025-04-06T02:36:08', 9.05),
(207, 21, '2024-11-12T00:43:53', 12.18),
(208, 21, '2024-09-18T11:48:34', 7.11),
(209, 21, '2024-07-11T13:34:50', 2.85),
(210, 21, '2024-08-01T01:52:34', 9.28),
(211, 22, '2024-12-10T13:04:08', 9.64),
(212, 22, '2024-12-14T02:51:14', 13.23),
(213, 22, '2025-03-23T13:22:49', 11.63),
(214, 22, '2025-03-28T03:06:17', 4.11),
(215, 22, '2024-12-24T18:24:09', 13.39),
(216, 22, '2024-11-02T03:04:20', 9.1),
(217, 22, '2024-07-11T02:39:32', 7.39),
(218, 22, '2024-08-18T14:09:35', 2.45),
(219, 22, '2024-09-13T16:19:09', 7.87),
(220, 22, '2024-08-17T20:08:16', 7.02),
(221, 23, '2024-10-21T05:35:43', 4.66),
(222, 23, '2024-09-13T09:13:38', 5.56),
(223, 23, '2024-11-19T22:48:45', 11.23),
(224, 23, '2025-03-28T17:29:22', 6.21),
(225, 23, '2025-03-20T04:46:37', 2.99),
(226, 23, '2024-11-13T16:09:00', 1.16),
(227, 23, '2024-12-05T10:36:39', 7.03),
(228, 23, '2024-09-14T20:11:23', 11.52),
(229, 23, '2025-04-08T22:28:09', 4.59),
(230, 23, '2024-05-26T23:40:50', 2.1),
(231, 24, '2024-05-06T14:53:49', 1.68),
(232, 24, '2024-06-17T04:36:42', 11.4),
(233, 24, '2025-02-15T07:06:07', 11.47),
(234, 24, '2024-10-23T21:59:15', 9.08),
(235, 24, '2024-06-24T05:37:18', 1.04),
(236, 24, '2024-04-26T01:47:12', 13.29),
(237, 24, '2025-01-26T15:03:00', 1.74),
(238, 24, '2024-11-09T08:42:27', 13.69),
(239, 24, '2024-07-12T17:30:17', 2.93),
(240, 24, '2024-07-19T09:46:11', 2.02),
(241, 25, '2025-01-16T00:12:30', 5.52),
(242, 25, '2024-06-29T06:09:42', 13.59),
(243, 25, '2024-06-17T03:07:06', 3.23),
(244, 25, '2024-04-19T18:26:47', 3.88),
(245, 25, '2024-06-26T01:28:23', 5.94),
(246, 25, '2024-09-21T10:28:57', 7.35),
(247, 25, '2024-05-27T20:34:52', 5.15),
(248, 25, '2024-12-22T13:22:32', 2.46),
(249, 25, '2025-01-04T07:00:57', 11.76),
(250, 25, '2024-08-19T20:33:25', 4.0),
(251, 26, '2025-01-24T21:36:32', 9.06),
(252, 26, '2024-04-19T09:54:18', 8.56),
(253, 26, '2024-06-15T09:05:14', 11.19),
(254, 26, '2024-12-16T09:03:35', 5.41),
(255, 26, '2025-03-31T03:44:40', 4.68),
(256, 26, '2024-12-20T15:57:16', 13.12),
(257, 26, '2024-04-28T09:15:25', 10.72),
(258, 26, '2024-11-02T14:02:11', 10.71),
(259, 26, '2024-07-14T22:29:22', 10.28),
(260, 26, '2024-11-10T11:52:14', 4.87),
(261, 27, '2025-03-20T15:23:53', 8.93),
(262, 27, '2024-06-15T08:13:45', 9.44),
(263, 27, '2024-09-05T05:50:55', 3.51),
(264, 27, '2025-03-16T14:24:24', 6.65),
(265, 27, '2024-10-02T05:39:21', 4.56),
(266, 27, '2025-02-09T08:04:35', 9.66),
(267, 27, '2024-10-12T19:44:42', 1.38),
(268, 27, '2024-07-03T11:52:58', 3.57),
(269, 27, '2025-01-30T20:25:43', 2.35),
(270, 27, '2024-05-14T14:30:18', 5.19),
(271, 28, '2024-11-24T08:04:33', 3.29),
(272, 28, '2025-01-27T19:58:07', 10.61),
(273, 28, '2024-06-24T13:39:44', 11.9),
(274, 28, '2024-08-25T02:12:21', 8.58),
(275, 28, '2024-09-09T12:50:18', 6.74),
(276, 28, '2024-12-13T17:46:25', 10.67),
(277, 28, '2025-01-17T07:16:14', 5.11),
(278, 28, '2024-04-29T05:55:41', 13.02),
(279, 28, '2024-11-09T15:34:47', 7.96),
(280, 28, '2024-08-24T20:17:23', 10.61),
(281, 29, '2024-09-19T06:18:14', 7.36),
(282, 29, '2024-05-14T00:11:47', 3.1),
(283, 29, '2024-11-14T14:14:25', 7.42),
(284, 29, '2025-01-30T05:45:43', 3.46),
(285, 29, '2024-12-15T07:54:01', 3.36),
(286, 29, '2025-02-01T08:21:26', 4.04),
(287, 29, '2024-11-14T15:32:25', 12.84),
(288, 29, '2024-06-18T22:08:12', 12.5),
(289, 29, '2024-06-13T10:02:19', 8.44),
(290, 29, '2024-09-10T23:06:54', 2.91),
(291, 30, '2024-06-23T02:04:58', 5.66),
(292, 30, '2024-11-20T07:09:48', 2.31),
(293, 30, '2024-09-22T00:14:33', 9.34),
(294, 30, '2025-04-17T12:36:48', 1.15),
(295, 30, '2024-05-03T04:44:53', 1.56),
(296, 30, '2025-02-03T10:47:09', 4.61),
(297, 30, '2025-04-16T05:55:40', 3.77),
(298, 30, '2024-10-02T02:38:42', 11.15),
(299, 30, '2025-02-13T17:05:51', 11.99),
(300, 30, '2025-04-06T12:20:23', 1.73),
(301, 31, '2024-06-04T16:33:52', 1.25),
(302, 31, '2025-01-05T19:18:02', 2.43),
(303, 31, '2024-07-04T22:36:28', 2.68),
(304, 31, '2025-03-26T01:17:53', 7.05),
(305, 31, '2024-11-03T14:32:51', 2.59),
(306, 31, '2024-11-07T15:22:03', 12.79),
(307, 31, '2025-03-19T16:10:59', 6.32),
(308, 31, '2025-03-04T04:24:22', 2.62),
(309, 31, '2024-08-16T17:19:23', 2.1),
(310, 31, '2024-08-25T04:50:44', 4.07),
(311, 32, '2024-12-07T22:55:35', 7.0),
(312, 32, '2024-06-11T13:10:48', 5.54),
(313, 32, '2024-08-04T23:08:25', 7.12),
(314, 32, '2024-04-24T00:59:07', 4.72),
(315, 32, '2024-06-17T02:04:24', 11.72),
(316, 32, '2025-02-25T03:49:22', 7.41),
(317, 32, '2025-01-01T23:17:49', 2.02),
(318, 32, '2025-02-26T13:43:55', 5.82),
(319, 32, '2025-01-07T17:51:46', 12.34),
(320, 32, '2024-11-19T09:06:09', 7.09),
(321, 33, '2024-12-19T03:47:38', 2.06),
(322, 33, '2024-10-19T03:59:35', 1.36),
(323, 33, '2024-11-04T23:06:36', 4.06),
(324, 33, '2024-11-26T21:05:02', 13.87),
(325, 33, '2024-11-30T12:16:51', 13.13),
(326, 33, '2024-08-29T07:22:19', 9.92),
(327, 33, '2024-05-20T03:28:13', 2.24),
(328, 33, '2024-07-24T19:28:22', 7.85),
(329, 33, '2025-04-14T04:00:56', 7.61),
(330, 33, '2025-03-19T09:41:14', 2.15),
(331, 34, '2024-08-30T09:40:39', 7.69),
(332, 34, '2025-01-25T23:02:30', 5.03),
(333, 34, '2025-01-29T14:32:17', 2.57),
(334, 34, '2024-07-23T06:47:38', 8.32),
(335, 34, '2024-10-25T21:52:30', 7.56),
(336, 34, '2024-10-18T03:18:25', 7.03),
(337, 34, '2024-08-17T08:57:16', 3.34),
(338, 34, '2024-05-13T20:12:09', 4.8),
(339, 34, '2024-12-07T15:03:38', 13.66),
(340, 34, '2025-01-06T04:53:54', 5.13),
(341, 35, '2024-11-02T12:41:21', 12.86),
(342, 35, '2024-08-10T11:34:33', 7.35),
(343, 35, '2024-10-20T08:02:57', 12.61),
(344, 35, '2024-12-19T04:49:35', 2.5),
(345, 35, '2024-10-26T01:18:05', 6.99),
(346, 35, '2025-03-19T06:45:55', 4.94),
(347, 35, '2024-12-24T18:43:47', 6.66),
(348, 35, '2024-08-28T01:01:42', 3.48),
(349, 35, '2025-01-03T14:50:18', 2.51),
(350, 35, '2024-09-17T02:56:45', 9.02),
(351, 36, '2025-02-05T03:42:11', 12.11),
(352, 36, '2025-03-04T06:32:55', 2.95),
(353, 36, '2024-10-13T07:49:24', 6.18),
(354, 36, '2024-11-29T19:58:57', 12.21),
(355, 36, '2024-05-18T10:45:20', 4.3),
(356, 36, '2024-10-04T22:32:30', 9.98),
(357, 36, '2025-02-03T12:28:20', 2.63),
(358, 36, '2024-09-08T16:43:28', 4.71),
(359, 36, '2024-05-19T13:08:52', 9.39),
(360, 36, '2024-08-30T04:54:55', 7.76),
(361, 37, '2024-04-23T13:16:57', 9.7),
(362, 37, '2024-05-21T01:33:41', 7.68),
(363, 37, '2024-08-22T16:34:32', 9.19),
(364, 37, '2025-03-13T10:21:58', 1.6),
(365, 37, '2025-03-22T04:51:23', 5.89),
(366, 37, '2024-05-28T09:52:20', 2.05),
(367, 37, '2025-03-20T00:07:59', 4.71),
(368, 37, '2024-10-17T14:18:52', 2.85),
(369, 37, '2024-06-13T04:03:25', 6.79),
(370, 37, '2024-09-07T16:03:46', 9.07),
(371, 38, '2024-09-03T06:56:31', 10.21),
(372, 38, '2025-02-12T21:40:48', 7.58),
(373, 38, '2025-03-10T23:23:15', 4.11),
(374, 38, '2024-09-14T09:26:28', 4.52),
(375, 38, '2024-06-28T21:02:39', 9.89),
(376, 38, '2025-01-26T06:50:16', 6.8),
(377, 38, '2024-07-10T19:28:50', 3.9),
(378, 38, '2024-07-08T07:24:37', 5.5),
(379, 38, '2024-05-15T14:08:53', 6.72),
(380, 38, '2025-03-19T18:33:24', 10.93),
(381, 39, '2024-10-04T05:48:24', 1.73),
(382, 39, '2024-12-02T23:30:32', 10.75),
(383, 39, '2024-11-02T21:42:20', 10.54),
(384, 39, '2024-07-31T06:35:44', 12.23),
(385, 39, '2024-09-13T03:16:28', 9.15),
(386, 39, '2024-09-04T15:18:51', 8.49),
(387, 39, '2025-01-03T03:53:44', 11.57),
(388, 39, '2024-06-03T09:57:02', 6.55),
(389, 39, '2025-03-31T12:02:42', 8.43),
(390, 39, '2024-07-31T19:56:11', 2.86),
(391, 40, '2024-05-18T19:45:35', 7.22),
(392, 40, '2024-09-06T22:42:10', 11.5),
(393, 40, '2024-12-06T09:29:47', 12.6),
(394, 40, '2024-09-24T00:58:58', 5.6),
(395, 40, '2024-05-29T19:41:03', 6.2),
(396, 40, '2025-01-04T14:10:13', 10.89),
(397, 40, '2025-01-11T07:10:55', 11.35),
(398, 40, '2024-11-02T02:41:17', 8.42),
(399, 40, '2024-10-17T00:37:18', 12.4),
(400, 40, '2024-04-24T04:58:46', 11.61),
(401, 41, '2025-02-07T04:50:56', 4.69),
(402, 41, '2024-10-11T05:14:10', 5.93),
(403, 41, '2024-12-06T17:58:25', 10.5),
(404, 41, '2024-12-15T13:35:50', 6.5),
(405, 41, '2024-05-24T18:20:03', 7.42),
(406, 41, '2024-07-01T04:13:54', 12.55),
(407, 41, '2024-09-10T03:56:57', 4.15),
(408, 41, '2024-10-16T15:02:31', 7.23),
(409, 41, '2024-05-24T13:05:23', 7.84),
(410, 41, '2025-01-31T10:03:57', 8.19),
(411, 42, '2024-12-21T02:48:17', 4.29),
(412, 42, '2024-07-26T08:42:04', 7.7),
(413, 42, '2024-07-20T03:39:11', 12.63),
(414, 42, '2025-03-18T13:12:55', 13.19),
(415, 42, '2025-03-22T01:11:40', 6.28),
(416, 42, '2025-02-15T01:29:52', 11.66),
(417, 42, '2024-08-05T02:53:34', 2.35),
(418, 42, '2024-06-12T16:30:50', 4.46),
(419, 42, '2024-11-29T04:46:32', 2.44),
(420, 42, '2024-07-10T20:07:00', 2.05),
(421, 43, '2025-01-27T15:18:14', 10.81),
(422, 43, '2024-07-19T14:45:47', 6.16),
(423, 43, '2024-10-24T08:37:53', 10.37),
(424, 43, '2024-07-28T09:17:14', 7.14),
(425, 43, '2024-12-04T17:48:17', 6.64),
(426, 43, '2024-07-16T03:38:13', 10.99),
(427, 43, '2024-10-01T06:55:49', 11.63),
(428, 43, '2025-02-04T16:57:45', 6.86),
(429, 43, '2025-01-10T11:14:37', 11.48),
(430, 43, '2024-12-19T15:32:33', 13.4),
(431, 44, '2024-07-30T22:52:07', 9.02),
(432, 44, '2024-07-24T05:52:19', 4.87),
(433, 44, '2024-12-08T06:50:36', 2.97),
(434, 44, '2025-02-23T16:29:40', 12.68),
(435, 44, '2025-01-29T04:38:39', 7.08),
(436, 44, '2024-06-20T17:17:05', 11.1),
(437, 44, '2024-05-18T22:37:20', 5.81),
(438, 44, '2025-02-28T11:51:18', 3.26),
(439, 44, '2024-10-19T18:21:41', 9.15),
(440, 44, '2024-11-26T22:46:43', 12.09),
(441, 45, '2024-06-03T21:46:45', 11.73),
(442, 45, '2024-07-19T02:12:34', 13.85),
(443, 45, '2025-02-09T00:27:38', 4.34),
(444, 45, '2025-01-23T18:18:11', 5.59),
(445, 45, '2024-05-25T05:04:27', 4.25),
(446, 45, '2024-10-10T06:09:44', 1.56),
(447, 45, '2025-02-23T07:52:35', 4.64),
(448, 45, '2025-03-27T10:46:33', 6.4),
(449, 45, '2024-05-31T04:17:37', 9.53),
(450, 45, '2025-01-11T19:33:10', 7.15),
(451, 46, '2024-09-01T18:23:55', 6.63),
(452, 46, '2024-05-18T08:29:13', 4.83),
(453, 46, '2024-08-27T12:50:32', 6.48),
(454, 46, '2024-08-12T05:28:28', 13.36),
(455, 46, '2025-03-30T18:55:07', 7.05),
(456, 46, '2025-04-02T09:40:32', 4.81),
(457, 46, '2024-08-18T23:49:01', 3.72),
(458, 46, '2025-03-25T23:06:40', 7.68),
(459, 46, '2024-11-27T12:55:57', 8.07),
(460, 46, '2024-09-03T19:52:55', 4.88),
(461, 47, '2025-01-05T16:29:26', 7.9),
(462, 47, '2025-04-04T08:28:07', 7.56),
(463, 47, '2024-11-26T19:01:45', 11.7),
(464, 47, '2024-05-16T04:39:05', 1.03),
(465, 47, '2024-05-14T07:44:53', 10.36),
(466, 47, '2024-06-07T20:22:43', 6.14),
(467, 47, '2025-02-20T17:38:02', 3.82),
(468, 47, '2025-02-25T14:26:19', 2.84),
(469, 47, '2024-09-09T05:01:23', 11.57),
(470, 47, '2024-07-26T22:37:57', 8.8),
(471, 48, '2024-09-11T11:40:15', 4.41),
(472, 48, '2024-11-02T21:23:10', 12.07),
(473, 48, '2025-02-22T00:55:50', 3.88),
(474, 48, '2025-01-18T04:43:23', 10.65),
(475, 48, '2024-07-19T18:31:43', 6.29),
(476, 48, '2024-08-04T19:15:58', 7.65),
(477, 48, '2024-09-14T16:46:16', 2.54),
(478, 48, '2024-11-02T19:26:36', 2.16),
(479, 48, '2025-03-01T06:04:20', 2.83),
(480, 48, '2024-04-29T08:12:23', 2.63),
(481, 49, '2024-08-14T11:18:44', 12.95),
(482, 49, '2025-02-24T00:13:50', 6.29),
(483, 49, '2024-09-13T13:08:28', 5.36),
(484, 49, '2024-08-04T22:25:18', 5.89),
(485, 49, '2025-01-28T00:29:06', 13.91),
(486, 49, '2024-06-22T02:01:30', 9.02),
(487, 49, '2024-10-30T02:44:46', 12.66),
(488, 49, '2024-10-15T12:57:21', 11.85),
(489, 49, '2025-03-17T23:44:05', 8.39),
(490, 49, '2024-10-06T23:01:51', 7.19),
(491, 50, '2024-11-26T08:49:25', 6.48),
(492, 50, '2024-08-25T16:29:16', 12.65),
(493, 50, '2024-05-28T14:09:45', 5.24),
(494, 50, '2025-02-03T04:48:17', 13.87),
(495, 50, '2025-03-22T06:37:40', 9.53),
(496, 50, '2024-06-23T13:48:07', 5.47),
(497, 50, '2024-12-08T19:07:36', 9.61),
(498, 50, '2025-02-14T06:34:19', 11.71),
(499, 50, '2025-03-29T17:33:06', 9.57),
(500, 50, '2025-01-31T11:47:03', 8.9);

INSERT INTO "FoodData" ("Id", "SurveyId", "MeatEatenKg", "PlantEatenKg") VALUES
(1, 1, 4.6, 15.7),
(2, 2, 4.0, 19.0),
(3, 3, 7.3, 20.0),
(4, 4, 6.5, 4.8),
(5, 5, 6.1, 6.8),
(6, 6, 10.4, 10.3),
(7, 7, 8.3, 14.0),
(8, 8, 19.0, 6.7),
(9, 9, 16.5, 8.5),
(10, 10, 10.3, 7.1),
(11, 11, 13.6, 5.2),
(12, 12, 14.0, 6.3),
(13, 13, 12.2, 2.8),
(14, 14, 5.9, 13.9),
(15, 15, 1.6, 6.3),
(16, 16, 8.1, 10.4),
(17, 17, 6.9, 13.6),
(18, 18, 2.6, 18.4),
(19, 19, 11.1, 16.2),
(20, 20, 13.8, 20.0),
(21, 21, 2.0, 6.0),
(22, 22, 14.0, 4.9),
(23, 23, 3.6, 15.7),
(24, 24, 12.4, 3.2),
(25, 25, 7.3, 0.6),
(26, 26, 8.9, 7.8),
(27, 27, 14.3, 19.9),
(28, 28, 11.7, 9.5),
(29, 29, 19.0, 11.8),
(30, 30, 11.6, 1.8),
(31, 31, 13.5, 8.0),
(32, 32, 16.9, 2.6),
(33, 33, 8.1, 16.3),
(34, 34, 11.1, 5.7),
(35, 35, 5.0, 3.7),
(36, 36, 9.1, 9.3),
(37, 37, 13.1, 5.3),
(38, 38, 16.3, 13.0),
(39, 39, 2.6, 3.9),
(40, 40, 9.2, 8.6),
(41, 41, 16.7, 9.6),
(42, 42, 3.6, 10.5),
(43, 43, 9.6, 5.5),
(44, 44, 5.9, 13.5),
(45, 45, 15.8, 12.0),
(46, 46, 13.8, 16.7),
(47, 47, 14.3, 16.3),
(48, 48, 16.5, 13.7),
(49, 49, 15.8, 8.8),
(50, 50, 17.2, 12.8),
(51, 51, 1.8, 11.9),
(52, 52, 17.5, 5.8),
(53, 53, 12.7, 0.8),
(54, 54, 19.5, 9.3),
(55, 55, 5.7, 6.9),
(56, 56, 8.8, 1.1),
(57, 57, 15.5, 1.5),
(58, 58, 1.2, 15.7),
(59, 59, 19.5, 14.7),
(60, 60, 2.4, 3.9),
(61, 61, 14.2, 9.1),
(62, 62, 18.9, 17.7),
(63, 63, 2.3, 0.6),
(64, 64, 5.4, 19.0),
(65, 65, 6.7, 16.3),
(66, 66, 5.5, 18.8),
(67, 67, 5.2, 8.1),
(68, 68, 4.3, 6.3),
(69, 69, 10.7, 14.5),
(70, 70, 11.3, 1.1),
(71, 71, 7.1, 11.5),
(72, 72, 13.8, 17.1),
(73, 73, 10.4, 2.0),
(74, 74, 11.4, 1.1),
(75, 75, 18.8, 12.0),
(76, 76, 7.6, 6.5),
(77, 77, 7.8, 6.0),
(78, 78, 8.7, 0.4),
(79, 79, 2.0, 15.7),
(80, 80, 19.2, 12.9),
(81, 81, 2.4, 11.3),
(82, 82, 4.0, 0.8),
(83, 83, 4.4, 0.9),
(84, 84, 1.0, 17.6),
(85, 85, 13.1, 6.0),
(86, 86, 5.8, 7.1),
(87, 87, 9.1, 6.7),
(88, 88, 18.6, 11.8),
(89, 89, 15.2, 19.7),
(90, 90, 19.6, 6.0),
(91, 91, 13.4, 7.1),
(92, 92, 17.5, 4.5),
(93, 93, 16.4, 7.8),
(94, 94, 16.4, 19.2),
(95, 95, 17.8, 13.5),
(96, 96, 12.0, 9.6),
(97, 97, 15.7, 8.7),
(98, 98, 4.2, 10.7),
(99, 99, 16.7, 2.5),
(100, 100, 14.2, 0.3),
(101, 101, 3.4, 11.5),
(102, 102, 2.3, 18.5),
(103, 103, 2.2, 15.6),
(104, 104, 14.8, 18.7),
(105, 105, 6.5, 13.6),
(106, 106, 5.0, 6.9),
(107, 107, 9.1, 17.5),
(108, 108, 6.7, 9.1),
(109, 109, 3.8, 13.8),
(110, 110, 14.8, 17.8),
(111, 111, 16.4, 4.0),
(112, 112, 6.2, 15.1),
(113, 113, 11.6, 18.6),
(114, 114, 6.2, 1.2),
(115, 115, 6.2, 19.7),
(116, 116, 5.9, 17.0),
(117, 117, 14.9, 13.5),
(118, 118, 15.3, 16.2),
(119, 119, 13.3, 16.7),
(120, 120, 16.6, 8.2),
(121, 121, 12.0, 9.5),
(122, 122, 15.1, 5.1),
(123, 123, 1.1, 6.7),
(124, 124, 13.6, 18.4),
(125, 125, 10.0, 8.6),
(126, 126, 15.6, 11.6),
(127, 127, 11.3, 9.3),
(128, 128, 4.0, 16.1),
(129, 129, 5.7, 10.3),
(130, 130, 3.2, 16.9),
(131, 131, 9.8, 16.4),
(132, 132, 1.3, 7.6),
(133, 133, 12.3, 19.6),
(134, 134, 0.8, 15.3),
(135, 135, 2.2, 12.9),
(136, 136, 9.7, 19.6),
(137, 137, 13.9, 7.5),
(138, 138, 19.4, 13.5),
(139, 139, 19.7, 15.4),
(140, 140, 2.5, 11.6),
(141, 141, 6.5, 18.3),
(142, 142, 10.3, 3.3),
(143, 143, 19.4, 11.2),
(144, 144, 6.2, 19.2),
(145, 145, 6.9, 16.2),
(146, 146, 7.3, 18.5),
(147, 147, 16.7, 9.5),
(148, 148, 14.5, 18.4),
(149, 149, 19.4, 12.8),
(150, 150, 16.7, 5.4),
(151, 151, 2.3, 16.3),
(152, 152, 5.5, 12.0),
(153, 153, 19.7, 18.4),
(154, 154, 6.5, 4.3),
(155, 155, 12.7, 18.5),
(156, 156, 14.4, 5.8),
(157, 157, 14.6, 2.7),
(158, 158, 19.8, 18.3),
(159, 159, 0.1, 4.9),
(160, 160, 14.4, 19.8),
(161, 161, 17.1, 16.8),
(162, 162, 6.3, 17.9),
(163, 163, 12.3, 6.3),
(164, 164, 5.8, 8.4),
(165, 165, 14.5, 5.8),
(166, 166, 15.6, 14.7),
(167, 167, 15.4, 15.1),
(168, 168, 13.7, 6.4),
(169, 169, 3.8, 17.7),
(170, 170, 12.0, 14.8),
(171, 171, 17.3, 1.9),
(172, 172, 10.6, 13.9),
(173, 173, 14.1, 3.8),
(174, 174, 8.0, 5.6),
(175, 175, 0.3, 19.1),
(176, 176, 16.1, 7.0),
(177, 177, 4.2, 11.8),
(178, 178, 15.9, 15.7),
(179, 179, 14.8, 7.5),
(180, 180, 1.9, 3.8),
(181, 181, 10.2, 8.4),
(182, 182, 15.7, 4.2),
(183, 183, 1.6, 4.7),
(184, 184, 7.8, 19.7),
(185, 185, 7.9, 0.1),
(186, 186, 13.2, 13.5),
(187, 187, 6.1, 6.4),
(188, 188, 7.0, 5.2),
(189, 189, 6.7, 1.3),
(190, 190, 2.1, 2.2),
(191, 191, 13.1, 19.9),
(192, 192, 5.2, 5.9),
(193, 193, 1.9, 4.6),
(194, 194, 2.3, 3.4),
(195, 195, 1.2, 6.7),
(196, 196, 9.1, 17.5),
(197, 197, 2.7, 16.4),
(198, 198, 14.5, 2.0),
(199, 199, 10.8, 17.9),
(200, 200, 18.5, 10.4),
(201, 201, 17.3, 8.4),
(202, 202, 3.3, 1.2),
(203, 203, 7.1, 8.4),
(204, 204, 16.7, 11.0),
(205, 205, 10.9, 19.4),
(206, 206, 8.7, 13.2),
(207, 207, 1.4, 18.0),
(208, 208, 6.8, 2.4),
(209, 209, 5.3, 16.5),
(210, 210, 15.5, 10.6),
(211, 211, 15.5, 15.6),
(212, 212, 2.4, 5.5),
(213, 213, 20.0, 9.7),
(214, 214, 8.5, 18.7),
(215, 215, 15.7, 10.7),
(216, 216, 10.2, 13.3),
(217, 217, 18.6, 2.1),
(218, 218, 6.8, 6.3),
(219, 219, 18.3, 1.0),
(220, 220, 11.9, 0.2),
(221, 221, 4.5, 18.8),
(222, 222, 0.1, 17.4),
(223, 223, 8.6, 14.3),
(224, 224, 4.5, 4.7),
(225, 225, 10.4, 4.3),
(226, 226, 1.4, 13.9),
(227, 227, 15.0, 12.4),
(228, 228, 14.0, 5.3),
(229, 229, 16.4, 17.6),
(230, 230, 13.8, 16.1),
(231, 231, 0.7, 6.2),
(232, 232, 19.1, 14.6),
(233, 233, 16.8, 4.0),
(234, 234, 2.6, 13.5),
(235, 235, 0.6, 3.1),
(236, 236, 15.2, 4.5),
(237, 237, 2.4, 16.6),
(238, 238, 7.9, 9.4),
(239, 239, 11.5, 11.0),
(240, 240, 4.7, 14.1),
(241, 241, 15.1, 0.3),
(242, 242, 16.8, 13.2),
(243, 243, 16.3, 16.4),
(244, 244, 19.8, 15.3),
(245, 245, 2.6, 9.2),
(246, 246, 10.0, 13.7),
(247, 247, 19.1, 7.4),
(248, 248, 19.9, 1.2),
(249, 249, 6.1, 4.8),
(250, 250, 6.2, 19.1),
(251, 251, 12.2, 9.4),
(252, 252, 9.7, 12.1),
(253, 253, 9.0, 19.0),
(254, 254, 12.1, 15.0),
(255, 255, 4.0, 15.1),
(256, 256, 14.2, 17.2),
(257, 257, 13.9, 14.9),
(258, 258, 14.2, 3.4),
(259, 259, 8.1, 15.8),
(260, 260, 16.5, 16.2),
(261, 261, 12.1, 12.1),
(262, 262, 16.3, 13.6),
(263, 263, 16.8, 19.6),
(264, 264, 4.9, 17.1),
(265, 265, 14.1, 9.9),
(266, 266, 19.1, 17.2),
(267, 267, 14.8, 6.4),
(268, 268, 8.4, 10.5),
(269, 269, 0.9, 0.5),
(270, 270, 4.7, 16.5),
(271, 271, 11.0, 3.8),
(272, 272, 2.2, 16.3),
(273, 273, 11.6, 1.1),
(274, 274, 10.5, 18.9),
(275, 275, 2.8, 4.8),
(276, 276, 14.5, 2.9),
(277, 277, 2.1, 15.9),
(278, 278, 4.4, 7.7),
(279, 279, 8.3, 11.7),
(280, 280, 4.4, 0.5),
(281, 281, 14.7, 3.7),
(282, 282, 3.2, 12.0),
(283, 283, 9.1, 10.2),
(284, 284, 11.6, 0.3),
(285, 285, 8.5, 11.2),
(286, 286, 16.1, 6.2),
(287, 287, 15.1, 7.1),
(288, 288, 6.3, 3.7),
(289, 289, 14.5, 15.6),
(290, 290, 15.4, 3.6),
(291, 291, 17.7, 5.4),
(292, 292, 8.7, 16.8),
(293, 293, 5.4, 15.6),
(294, 294, 1.7, 3.4),
(295, 295, 10.4, 9.7),
(296, 296, 1.1, 2.8),
(297, 297, 6.8, 16.3),
(298, 298, 3.3, 0.5),
(299, 299, 6.1, 18.6),
(300, 300, 10.6, 7.0),
(301, 301, 7.0, 7.6),
(302, 302, 11.9, 0.2),
(303, 303, 0.7, 8.8),
(304, 304, 16.1, 16.6),
(305, 305, 6.1, 10.3),
(306, 306, 4.9, 5.2),
(307, 307, 10.1, 7.6),
(308, 308, 9.8, 11.8),
(309, 309, 8.0, 13.7),
(310, 310, 10.9, 13.3),
(311, 311, 4.4, 15.3),
(312, 312, 4.1, 8.2),
(313, 313, 18.2, 5.9),
(314, 314, 9.0, 1.3),
(315, 315, 9.4, 12.6),
(316, 316, 6.3, 19.8),
(317, 317, 15.4, 13.8),
(318, 318, 10.9, 4.9),
(319, 319, 19.9, 7.7),
(320, 320, 0.8, 20.0),
(321, 321, 14.4, 6.2),
(322, 322, 4.6, 9.9),
(323, 323, 13.0, 0.7),
(324, 324, 4.5, 3.2),
(325, 325, 11.9, 10.3),
(326, 326, 0.0, 0.3),
(327, 327, 3.1, 2.7),
(328, 328, 9.2, 17.4),
(329, 329, 5.5, 14.2),
(330, 330, 16.0, 19.3),
(331, 331, 7.5, 16.6),
(332, 332, 0.9, 2.5),
(333, 333, 0.9, 11.5),
(334, 334, 14.3, 6.3),
(335, 335, 4.9, 8.5),
(336, 336, 7.1, 9.4),
(337, 337, 18.8, 18.0),
(338, 338, 9.2, 19.7),
(339, 339, 3.0, 18.3),
(340, 340, 7.3, 1.7),
(341, 341, 13.0, 12.5),
(342, 342, 0.6, 6.0),
(343, 343, 12.7, 2.7),
(344, 344, 5.9, 12.7),
(345, 345, 18.6, 16.2),
(346, 346, 7.0, 19.9),
(347, 347, 2.8, 11.3),
(348, 348, 4.0, 2.5),
(349, 349, 11.3, 17.7),
(350, 350, 16.5, 9.7),
(351, 351, 15.3, 10.6),
(352, 352, 19.9, 16.0),
(353, 353, 2.0, 16.4),
(354, 354, 1.7, 18.2),
(355, 355, 14.1, 19.1),
(356, 356, 15.6, 15.8),
(357, 357, 5.4, 6.4),
(358, 358, 8.7, 8.0),
(359, 359, 10.4, 15.3),
(360, 360, 13.5, 9.4),
(361, 361, 1.2, 19.7),
(362, 362, 7.1, 17.6),
(363, 363, 17.8, 5.5),
(364, 364, 10.9, 11.0),
(365, 365, 2.2, 0.5),
(366, 366, 2.2, 19.2),
(367, 367, 8.0, 11.6),
(368, 368, 0.9, 1.0),
(369, 369, 8.1, 8.7),
(370, 370, 5.8, 16.8),
(371, 371, 9.7, 4.6),
(372, 372, 2.9, 12.3),
(373, 373, 9.8, 8.1),
(374, 374, 10.1, 13.0),
(375, 375, 7.6, 12.5),
(376, 376, 9.6, 0.3),
(377, 377, 0.9, 0.3),
(378, 378, 9.7, 14.8),
(379, 379, 2.9, 17.9),
(380, 380, 12.7, 10.9),
(381, 381, 18.3, 9.5),
(382, 382, 13.0, 16.2),
(383, 383, 8.4, 14.5),
(384, 384, 17.3, 10.5),
(385, 385, 7.6, 7.8),
(386, 386, 3.5, 19.3),
(387, 387, 11.7, 4.6),
(388, 388, 16.0, 2.9),
(389, 389, 1.8, 14.0),
(390, 390, 18.7, 10.4),
(391, 391, 18.4, 6.8),
(392, 392, 10.9, 7.1),
(393, 393, 15.4, 16.3),
(394, 394, 7.7, 2.6),
(395, 395, 8.1, 17.9),
(396, 396, 10.5, 1.9),
(397, 397, 15.1, 3.9),
(398, 398, 17.7, 2.6),
(399, 399, 3.8, 18.8),
(400, 400, 18.5, 5.0),
(401, 401, 5.5, 9.4),
(402, 402, 11.7, 12.4),
(403, 403, 3.2, 6.8),
(404, 404, 13.1, 16.7),
(405, 405, 16.6, 7.6),
(406, 406, 13.3, 10.9),
(407, 407, 1.7, 0.7),
(408, 408, 2.5, 5.8),
(409, 409, 16.8, 10.2),
(410, 410, 9.1, 14.1),
(411, 411, 11.3, 3.6),
(412, 412, 0.8, 7.3),
(413, 413, 4.1, 8.9),
(414, 414, 6.2, 13.5),
(415, 415, 9.5, 1.4),
(416, 416, 2.1, 13.2),
(417, 417, 7.9, 10.0),
(418, 418, 19.1, 13.5),
(419, 419, 13.2, 16.3),
(420, 420, 12.6, 15.7),
(421, 421, 4.0, 11.8),
(422, 422, 19.5, 9.0),
(423, 423, 13.7, 0.8),
(424, 424, 12.9, 12.2),
(425, 425, 14.9, 11.0),
(426, 426, 19.8, 10.1),
(427, 427, 12.8, 17.3),
(428, 428, 7.6, 16.0),
(429, 429, 17.8, 8.2),
(430, 430, 18.3, 5.5),
(431, 431, 0.4, 1.2),
(432, 432, 2.3, 9.9),
(433, 433, 18.5, 1.5),
(434, 434, 18.2, 14.3),
(435, 435, 15.2, 9.9),
(436, 436, 4.6, 7.9),
(437, 437, 9.2, 18.9),
(438, 438, 4.7, 18.1),
(439, 439, 19.8, 13.0),
(440, 440, 3.9, 19.4),
(441, 441, 10.3, 19.4),
(442, 442, 2.6, 4.7),
(443, 443, 0.2, 1.4),
(444, 444, 3.1, 0.1),
(445, 445, 0.6, 1.0),
(446, 446, 15.1, 12.6),
(447, 447, 8.7, 8.2),
(448, 448, 5.1, 15.4),
(449, 449, 15.3, 4.3),
(450, 450, 0.3, 17.9),
(451, 451, 4.9, 18.2),
(452, 452, 10.4, 7.0),
(453, 453, 13.6, 1.5),
(454, 454, 15.4, 7.6),
(455, 455, 5.1, 6.4),
(456, 456, 4.2, 1.9),
(457, 457, 12.4, 6.4),
(458, 458, 16.0, 3.6),
(459, 459, 12.5, 3.3),
(460, 460, 5.9, 19.3),
(461, 461, 5.4, 16.3),
(462, 462, 2.9, 7.7),
(463, 463, 9.6, 5.8),
(464, 464, 15.3, 7.2),
(465, 465, 5.3, 5.5),
(466, 466, 15.2, 10.8),
(467, 467, 2.1, 13.8),
(468, 468, 18.1, 16.9),
(469, 469, 6.2, 3.7),
(470, 470, 9.1, 6.3),
(471, 471, 11.1, 1.6),
(472, 472, 10.5, 18.7),
(473, 473, 16.4, 7.6),
(474, 474, 12.5, 11.7),
(475, 475, 16.1, 6.6),
(476, 476, 0.3, 12.5),
(477, 477, 16.2, 18.5),
(478, 478, 5.9, 10.5),
(479, 479, 15.1, 0.5),
(480, 480, 12.5, 1.3),
(481, 481, 6.9, 12.9),
(482, 482, 4.6, 18.8),
(483, 483, 7.9, 13.3),
(484, 484, 15.2, 13.4),
(485, 485, 13.7, 12.4),
(486, 486, 5.7, 0.6),
(487, 487, 10.9, 5.9),
(488, 488, 3.0, 17.5),
(489, 489, 16.5, 14.7),
(490, 490, 8.8, 19.1),
(491, 491, 13.1, 8.6),
(492, 492, 0.6, 10.8),
(493, 493, 13.9, 6.3),
(494, 494, 4.3, 11.1),
(495, 495, 16.8, 7.3),
(496, 496, 16.4, 15.5),
(497, 497, 11.4, 19.2),
(498, 498, 14.7, 13.7),
(499, 499, 17.3, 8.2),
(500, 500, 14.2, 13.5);

INSERT INTO "ResourceData" ("Id", "SurveyId", "WaterConsumptionL", "ElectricityConsumptionKWtH") VALUES
(1, 1, 6247.0, 238.1),
(2, 2, 4283.0, 89.9),
(3, 3, 3722.0, 548.3),
(4, 4, 17281.0, 247.2),
(5, 5, 2634.0, 6.7),
(6, 6, 14128.0, 238.0),
(7, 7, 851.0, 304.8),
(8, 8, 12557.0, 375.8),
(9, 9, 15984.0, 439.8),
(10, 10, 4838.0, 437.6),
(11, 11, 18878.0, 371.3),
(12, 12, 3017.0, 598.7),
(13, 13, 13793.0, 111.1),
(14, 14, 3884.0, 53.0),
(15, 15, 15261.0, 102.2),
(16, 16, 1817.0, 239.3),
(17, 17, 6779.0, 112.2),
(18, 18, 13418.0, 434.4),
(19, 19, 19557.0, 10.3),
(20, 20, 10087.0, 149.4),
(21, 21, 16167.0, 216.4),
(22, 22, 14666.0, 468.9),
(23, 23, 4411.0, 107.8),
(24, 24, 10683.0, 410.9),
(25, 25, 10073.0, 155.9),
(26, 26, 2666.0, 369.8),
(27, 27, 10947.0, 342.2),
(28, 28, 18659.0, 522.4),
(29, 29, 19720.0, 55.9),
(30, 30, 1043.0, 160.9),
(31, 31, 11279.0, 200.9),
(32, 32, 17374.0, 182.0),
(33, 33, 13009.0, 3.8),
(34, 34, 5756.0, 573.7),
(35, 35, 19259.0, 444.2),
(36, 36, 3120.0, 99.9),
(37, 37, 2728.0, 195.5),
(38, 38, 4565.0, 61.6),
(39, 39, 4329.0, 286.0),
(40, 40, 12652.0, 80.8),
(41, 41, 17863.0, 105.1),
(42, 42, 2350.0, 174.4),
(43, 43, 19632.0, 476.7),
(44, 44, 9784.0, 579.4),
(45, 45, 18327.0, 591.3),
(46, 46, 3627.0, 438.4),
(47, 47, 3926.0, 302.6),
(48, 48, 17106.0, 485.9),
(49, 49, 3910.0, 85.7),
(50, 50, 19769.0, 394.2),
(51, 51, 17877.0, 233.9),
(52, 52, 15970.0, 162.5),
(53, 53, 7920.0, 440.8),
(54, 54, 2763.0, 161.2),
(55, 55, 7860.0, 160.0),
(56, 56, 6892.0, 405.7),
(57, 57, 13513.0, 120.7),
(58, 58, 17321.0, 487.9),
(59, 59, 13222.0, 261.1),
(60, 60, 10284.0, 145.3),
(61, 61, 5838.0, 352.2),
(62, 62, 10835.0, 444.1),
(63, 63, 15939.0, 574.2),
(64, 64, 13086.0, 503.9),
(65, 65, 19187.0, 238.0),
(66, 66, 8611.0, 262.6),
(67, 67, 5089.0, 284.0),
(68, 68, 13764.0, 96.5),
(69, 69, 8683.0, 474.2),
(70, 70, 19347.0, 434.3),
(71, 71, 19614.0, 469.1),
(72, 72, 502.0, 57.3),
(73, 73, 5080.0, 588.4),
(74, 74, 7354.0, 209.7),
(75, 75, 7196.0, 236.6),
(76, 76, 2286.0, 227.5),
(77, 77, 13682.0, 100.6),
(78, 78, 19114.0, 379.2),
(79, 79, 17016.0, 545.4),
(80, 80, 19771.0, 155.7),
(81, 81, 11494.0, 83.9),
(82, 82, 1187.0, 310.8),
(83, 83, 4384.0, 132.4),
(84, 84, 4127.0, 537.5),
(85, 85, 19607.0, 110.5),
(86, 86, 15038.0, 48.0),
(87, 87, 13989.0, 455.6),
(88, 88, 10524.0, 546.9),
(89, 89, 17303.0, 212.9),
(90, 90, 15648.0, 262.8),
(91, 91, 12472.0, 304.3),
(92, 92, 9990.0, 406.1),
(93, 93, 16238.0, 199.7),
(94, 94, 13679.0, 593.7),
(95, 95, 10492.0, 255.1),
(96, 96, 13069.0, 65.6),
(97, 97, 10330.0, 414.7),
(98, 98, 2562.0, 205.0),
(99, 99, 2703.0, 322.9),
(100, 100, 10502.0, 530.7),
(101, 101, 10939.0, 215.4),
(102, 102, 4135.0, 386.5),
(103, 103, 9588.0, 558.9),
(104, 104, 5302.0, 191.4),
(105, 105, 14311.0, 328.5),
(106, 106, 6750.0, 520.4),
(107, 107, 15392.0, 478.9),
(108, 108, 4508.0, 95.8),
(109, 109, 13303.0, 418.1),
(110, 110, 4025.0, 311.0),
(111, 111, 8074.0, 399.4),
(112, 112, 12843.0, 535.7),
(113, 113, 12416.0, 454.0),
(114, 114, 14218.0, 234.9),
(115, 115, 12902.0, 17.7),
(116, 116, 14010.0, 507.4),
(117, 117, 13515.0, 328.7),
(118, 118, 7659.0, 199.2),
(119, 119, 9362.0, 191.0),
(120, 120, 19282.0, 249.8),
(121, 121, 6656.0, 196.4),
(122, 122, 12825.0, 39.4),
(123, 123, 4950.0, 234.7),
(124, 124, 10145.0, 129.3),
(125, 125, 752.0, 390.4),
(126, 126, 177.0, 515.1),
(127, 127, 14622.0, 128.0),
(128, 128, 3444.0, 401.9),
(129, 129, 16690.0, 458.9),
(130, 130, 17896.0, 11.9),
(131, 131, 16233.0, 242.5),
(132, 132, 10133.0, 342.2),
(133, 133, 10582.0, 328.3),
(134, 134, 19437.0, 74.9),
(135, 135, 7409.0, 491.2),
(136, 136, 12067.0, 163.9),
(137, 137, 11971.0, 186.1),
(138, 138, 14052.0, 156.0),
(139, 139, 7287.0, 213.1),
(140, 140, 5117.0, 399.7),
(141, 141, 14582.0, 74.6),
(142, 142, 9759.0, 22.0),
(143, 143, 18627.0, 103.9),
(144, 144, 11546.0, 540.7),
(145, 145, 2279.0, 158.0),
(146, 146, 5341.0, 41.6),
(147, 147, 17079.0, 219.2),
(148, 148, 2826.0, 517.9),
(149, 149, 4003.0, 215.9),
(150, 150, 5684.0, 234.2),
(151, 151, 13028.0, 120.9),
(152, 152, 9323.0, 166.4),
(153, 153, 19548.0, 546.0),
(154, 154, 1316.0, 561.4),
(155, 155, 10516.0, 147.7),
(156, 156, 7529.0, 290.2),
(157, 157, 8625.0, 316.4),
(158, 158, 15707.0, 355.7),
(159, 159, 3514.0, 218.1),
(160, 160, 4282.0, 222.3),
(161, 161, 16166.0, 152.1),
(162, 162, 12944.0, 401.8),
(163, 163, 15170.0, 228.6),
(164, 164, 18268.0, 204.6),
(165, 165, 14030.0, 270.8),
(166, 166, 429.0, 158.2),
(167, 167, 19478.0, 5.1),
(168, 168, 10513.0, 305.7),
(169, 169, 4000.0, 140.4),
(170, 170, 10067.0, 79.0),
(171, 171, 3007.0, 107.0),
(172, 172, 16696.0, 277.6),
(173, 173, 12939.0, 124.5),
(174, 174, 10316.0, 580.2),
(175, 175, 9857.0, 197.9),
(176, 176, 6648.0, 184.0),
(177, 177, 6170.0, 85.4),
(178, 178, 7648.0, 459.4),
(179, 179, 8495.0, 5.8),
(180, 180, 12527.0, 19.2),
(181, 181, 13415.0, 573.0),
(182, 182, 11159.0, 445.9),
(183, 183, 18552.0, 247.9),
(184, 184, 18587.0, 263.2),
(185, 185, 6899.0, 70.9),
(186, 186, 6664.0, 507.5),
(187, 187, 2925.0, 386.4),
(188, 188, 2744.0, 488.7),
(189, 189, 6473.0, 259.5),
(190, 190, 14020.0, 25.0),
(191, 191, 6079.0, 310.6),
(192, 192, 6677.0, 320.1),
(193, 193, 4448.0, 293.7),
(194, 194, 7006.0, 241.7),
(195, 195, 13330.0, 296.9),
(196, 196, 11160.0, 84.0),
(197, 197, 6104.0, 525.2),
(198, 198, 3699.0, 588.8),
(199, 199, 17682.0, 452.1),
(200, 200, 19268.0, 360.5),
(201, 201, 11539.0, 133.7),
(202, 202, 1196.0, 308.3),
(203, 203, 16317.0, 516.0),
(204, 204, 8460.0, 336.2),
(205, 205, 19198.0, 577.4),
(206, 206, 2571.0, 315.1),
(207, 207, 19670.0, 57.2),
(208, 208, 14699.0, 277.1),
(209, 209, 290.0, 302.1),
(210, 210, 4016.0, 387.1),
(211, 211, 13970.0, 49.9),
(212, 212, 15739.0, 437.6),
(213, 213, 8366.0, 553.4),
(214, 214, 14347.0, 107.4),
(215, 215, 13803.0, 1.4),
(216, 216, 14257.0, 335.2),
(217, 217, 5290.0, 56.5),
(218, 218, 18605.0, 26.5),
(219, 219, 3937.0, 26.9),
(220, 220, 7502.0, 562.8),
(221, 221, 14345.0, 343.0),
(222, 222, 9520.0, 339.2),
(223, 223, 1955.0, 288.6),
(224, 224, 1953.0, 120.4),
(225, 225, 10701.0, 24.3),
(226, 226, 11450.0, 265.7),
(227, 227, 3498.0, 196.7),
(228, 228, 16982.0, 591.8),
(229, 229, 12659.0, 58.7),
(230, 230, 2025.0, 338.9),
(231, 231, 15068.0, 94.0),
(232, 232, 19198.0, 537.7),
(233, 233, 18521.0, 23.0),
(234, 234, 15294.0, 549.7),
(235, 235, 1151.0, 366.5),
(236, 236, 7964.0, 502.7),
(237, 237, 7183.0, 558.6),
(238, 238, 2092.0, 361.0),
(239, 239, 6359.0, 553.5),
(240, 240, 16800.0, 462.5),
(241, 241, 291.0, 345.8),
(242, 242, 10954.0, 154.5),
(243, 243, 17712.0, 208.1),
(244, 244, 2867.0, 567.7),
(245, 245, 10300.0, 218.5),
(246, 246, 7517.0, 310.9),
(247, 247, 14654.0, 456.5),
(248, 248, 2303.0, 557.0),
(249, 249, 16585.0, 91.6),
(250, 250, 6152.0, 473.3),
(251, 251, 3263.0, 191.8),
(252, 252, 9814.0, 349.1),
(253, 253, 16154.0, 445.7),
(254, 254, 13559.0, 459.7),
(255, 255, 1257.0, 107.1),
(256, 256, 16392.0, 421.6),
(257, 257, 16469.0, 141.3),
(258, 258, 2287.0, 377.9),
(259, 259, 13479.0, 307.0),
(260, 260, 17058.0, 73.4),
(261, 261, 9147.0, 321.9),
(262, 262, 9900.0, 198.3),
(263, 263, 10370.0, 397.8),
(264, 264, 11918.0, 378.2),
(265, 265, 17246.0, 343.1),
(266, 266, 10674.0, 263.2),
(267, 267, 9543.0, 593.5),
(268, 268, 6463.0, 74.5),
(269, 269, 1739.0, 513.2),
(270, 270, 5090.0, 574.2),
(271, 271, 19826.0, 18.3),
(272, 272, 3335.0, 176.3),
(273, 273, 5385.0, 188.2),
(274, 274, 9865.0, 43.4),
(275, 275, 15316.0, 234.6),
(276, 276, 9934.0, 527.1),
(277, 277, 10156.0, 43.9),
(278, 278, 15562.0, 280.1),
(279, 279, 9581.0, 359.5),
(280, 280, 10835.0, 470.6),
(281, 281, 3703.0, 113.4),
(282, 282, 1937.0, 127.3),
(283, 283, 2745.0, 423.3),
(284, 284, 10254.0, 291.9),
(285, 285, 6888.0, 240.3),
(286, 286, 1317.0, 192.6),
(287, 287, 16382.0, 276.0),
(288, 288, 16125.0, 159.7),
(289, 289, 17725.0, 501.5),
(290, 290, 4297.0, 599.7),
(291, 291, 11497.0, 326.1),
(292, 292, 12151.0, 176.7),
(293, 293, 17803.0, 61.5),
(294, 294, 1480.0, 294.0),
(295, 295, 19549.0, 427.5),
(296, 296, 16927.0, 377.1),
(297, 297, 6891.0, 549.8),
(298, 298, 8205.0, 254.4),
(299, 299, 9766.0, 264.7),
(300, 300, 11685.0, 64.6),
(301, 301, 12329.0, 257.3),
(302, 302, 12499.0, 521.4),
(303, 303, 19069.0, 583.2),
(304, 304, 9301.0, 56.9),
(305, 305, 4635.0, 101.1),
(306, 306, 6347.0, 592.0),
(307, 307, 19370.0, 430.3),
(308, 308, 10164.0, 48.1),
(309, 309, 193.0, 315.9),
(310, 310, 9996.0, 195.2),
(311, 311, 8560.0, 485.2),
(312, 312, 18128.0, 41.8),
(313, 313, 1666.0, 472.3),
(314, 314, 17140.0, 501.6),
(315, 315, 3891.0, 451.2),
(316, 316, 19469.0, 546.6),
(317, 317, 8759.0, 345.9),
(318, 318, 1060.0, 342.3),
(319, 319, 6139.0, 514.1),
(320, 320, 13132.0, 139.5),
(321, 321, 15113.0, 238.4),
(322, 322, 10144.0, 85.0),
(323, 323, 18328.0, 408.7),
(324, 324, 1415.0, 235.4),
(325, 325, 9839.0, 125.9),
(326, 326, 12567.0, 72.4),
(327, 327, 10210.0, 200.2),
(328, 328, 16878.0, 316.0),
(329, 329, 10027.0, 401.8),
(330, 330, 1746.0, 28.3),
(331, 331, 4755.0, 119.0),
(332, 332, 2703.0, 580.8),
(333, 333, 18388.0, 547.6),
(334, 334, 6397.0, 573.6),
(335, 335, 7803.0, 422.6),
(336, 336, 16030.0, 590.5),
(337, 337, 641.0, 245.2),
(338, 338, 17927.0, 267.3),
(339, 339, 18652.0, 289.7),
(340, 340, 13802.0, 483.3),
(341, 341, 15844.0, 219.1),
(342, 342, 694.0, 394.3),
(343, 343, 498.0, 75.3),
(344, 344, 1900.0, 298.5),
(345, 345, 5916.0, 576.2),
(346, 346, 13467.0, 489.5),
(347, 347, 13027.0, 65.9),
(348, 348, 14353.0, 295.7),
(349, 349, 17641.0, 196.1),
(350, 350, 19629.0, 523.6),
(351, 351, 253.0, 552.5),
(352, 352, 8659.0, 258.4),
(353, 353, 6284.0, 568.2),
(354, 354, 105.0, 99.7),
(355, 355, 9946.0, 402.0),
(356, 356, 15420.0, 462.5),
(357, 357, 15849.0, 577.9),
(358, 358, 18941.0, 542.8),
(359, 359, 9989.0, 370.7),
(360, 360, 12544.0, 381.5),
(361, 361, 5091.0, 61.7),
(362, 362, 595.0, 137.3),
(363, 363, 3579.0, 77.7),
(364, 364, 2804.0, 185.8),
(365, 365, 9162.0, 198.9),
(366, 366, 11159.0, 548.1),
(367, 367, 9546.0, 523.2),
(368, 368, 7145.0, 391.9),
(369, 369, 14166.0, 371.5),
(370, 370, 12247.0, 446.9),
(371, 371, 19334.0, 372.2),
(372, 372, 8821.0, 345.4),
(373, 373, 181.0, 429.1),
(374, 374, 3611.0, 29.1),
(375, 375, 19299.0, 373.1),
(376, 376, 1262.0, 501.6),
(377, 377, 3175.0, 55.3),
(378, 378, 9263.0, 82.9),
(379, 379, 9252.0, 93.5),
(380, 380, 12483.0, 588.6),
(381, 381, 3566.0, 291.2),
(382, 382, 5706.0, 569.2),
(383, 383, 1007.0, 401.0),
(384, 384, 591.0, 145.3),
(385, 385, 9904.0, 118.7),
(386, 386, 10919.0, 364.1),
(387, 387, 2432.0, 176.8),
(388, 388, 5284.0, 161.7),
(389, 389, 2271.0, 526.7),
(390, 390, 207.0, 353.8),
(391, 391, 18117.0, 224.8),
(392, 392, 17952.0, 221.1),
(393, 393, 5326.0, 145.1),
(394, 394, 2966.0, 424.8),
(395, 395, 18312.0, 265.1),
(396, 396, 16726.0, 475.1),
(397, 397, 9250.0, 241.8),
(398, 398, 4614.0, 150.4),
(399, 399, 3529.0, 378.9),
(400, 400, 11804.0, 60.6),
(401, 401, 10333.0, 541.2),
(402, 402, 17304.0, 53.9),
(403, 403, 12918.0, 132.4),
(404, 404, 7325.0, 398.1),
(405, 405, 14352.0, 58.4),
(406, 406, 1871.0, 477.6),
(407, 407, 11202.0, 154.9),
(408, 408, 8562.0, 336.5),
(409, 409, 16395.0, 395.6),
(410, 410, 11453.0, 240.3),
(411, 411, 2523.0, 320.9),
(412, 412, 7961.0, 531.3),
(413, 413, 16331.0, 267.3),
(414, 414, 3745.0, 549.7),
(415, 415, 2589.0, 361.7),
(416, 416, 13340.0, 581.8),
(417, 417, 6790.0, 348.8),
(418, 418, 15674.0, 549.4),
(419, 419, 18018.0, 36.5),
(420, 420, 8607.0, 19.7),
(421, 421, 1722.0, 240.4),
(422, 422, 14310.0, 536.6),
(423, 423, 19298.0, 314.7),
(424, 424, 5141.0, 144.7),
(425, 425, 3336.0, 304.1),
(426, 426, 12779.0, 505.3),
(427, 427, 379.0, 1.3),
(428, 428, 288.0, 202.0),
(429, 429, 10315.0, 222.2),
(430, 430, 1084.0, 539.1),
(431, 431, 16489.0, 541.7),
(432, 432, 14417.0, 372.0),
(433, 433, 15073.0, 185.1),
(434, 434, 17445.0, 284.0),
(435, 435, 8398.0, 555.6),
(436, 436, 879.0, 199.7),
(437, 437, 19709.0, 332.8),
(438, 438, 18120.0, 105.3),
(439, 439, 15305.0, 564.5),
(440, 440, 17769.0, 388.1),
(441, 441, 7911.0, 161.1),
(442, 442, 6682.0, 76.0),
(443, 443, 7459.0, 185.4),
(444, 444, 17232.0, 341.0),
(445, 445, 9921.0, 7.0),
(446, 446, 9360.0, 505.6),
(447, 447, 328.0, 567.2),
(448, 448, 17939.0, 455.8),
(449, 449, 19252.0, 321.2),
(450, 450, 19895.0, 139.1),
(451, 451, 13235.0, 13.7),
(452, 452, 13262.0, 430.9),
(453, 453, 4317.0, 12.4),
(454, 454, 2067.0, 578.0),
(455, 455, 12062.0, 68.9),
(456, 456, 10695.0, 391.7),
(457, 457, 17961.0, 371.9),
(458, 458, 7714.0, 296.5),
(459, 459, 10536.0, 168.4),
(460, 460, 6153.0, 535.8),
(461, 461, 18185.0, 61.2),
(462, 462, 954.0, 463.3),
(463, 463, 15181.0, 557.6),
(464, 464, 13114.0, 463.5),
(465, 465, 5276.0, 63.1),
(466, 466, 192.0, 38.5),
(467, 467, 18961.0, 348.3),
(468, 468, 13572.0, 432.6),
(469, 469, 11893.0, 471.2),
(470, 470, 15314.0, 11.2),
(471, 471, 10673.0, 67.4),
(472, 472, 15045.0, 125.7),
(473, 473, 2454.0, 263.0),
(474, 474, 17400.0, 284.7),
(475, 475, 12788.0, 568.1),
(476, 476, 10443.0, 527.1),
(477, 477, 13842.0, 58.6),
(478, 478, 2686.0, 522.6),
(479, 479, 5721.0, 364.5),
(480, 480, 3416.0, 52.8),
(481, 481, 17181.0, 481.1),
(482, 482, 17161.0, 549.1),
(483, 483, 18684.0, 377.9),
(484, 484, 3974.0, 11.1),
(485, 485, 11825.0, 284.9),
(486, 486, 12837.0, 599.7),
(487, 487, 12817.0, 312.2),
(488, 488, 6700.0, 312.3),
(489, 489, 1976.0, 521.6),
(490, 490, 11515.0, 29.9),
(491, 491, 7387.0, 513.7),
(492, 492, 10248.0, 115.2),
(493, 493, 5099.0, 591.0),
(494, 494, 18807.0, 24.1),
(495, 495, 4552.0, 217.5),
(496, 496, 11997.0, 88.9),
(497, 497, 18808.0, 188.7),
(498, 498, 17752.0, 467.9),
(499, 499, 9963.0, 313.4),
(500, 500, 14222.0, 561.8);

INSERT INTO "TransportData" ("Id", "SurveyId", "PublicTransportDistanceKm", "AirplaneDistanceKm", "TrainDistanceKm", "CarDistanceKmPetrol", "CarDistanceKmDiesel", "CarDistanceKmElectric", "CarDistanceKmHybrid", "CarDistanceKmHydrogen", "CarDistanceKmMethane", "CarDistanceKmPropane") VALUES
(1, 1, 65.0, 875.0, 74.0, 213.0, 159.0, 72.0, 227.0, 169.0, 113.0, 26.0),
(2, 2, 125.0, 422.0, 284.0, 300.0, 212.0, 264.0, 228.0, 290.0, 224.0, 86.0),
(3, 3, 90.0, 941.0, 24.0, 279.0, 1.0, 246.0, 136.0, 275.0, 129.0, 106.0),
(4, 4, 90.0, 1299.0, 118.0, 259.0, 297.0, 75.0, 269.0, 5.0, 200.0, 83.0),
(5, 5, 17.0, 17.0, 295.0, 218.0, 293.0, 66.0, 72.0, 115.0, 192.0, 37.0),
(6, 6, 130.0, 1367.0, 159.0, 188.0, 56.0, 209.0, 270.0, 40.0, 249.0, 239.0),
(7, 7, 3.0, 1225.0, 146.0, 82.0, 231.0, 165.0, 131.0, 25.0, 82.0, 119.0),
(8, 8, 82.0, 385.0, 56.0, 230.0, 223.0, 246.0, 159.0, 157.0, 273.0, 278.0),
(9, 9, 3.0, 108.0, 258.0, 194.0, 226.0, 186.0, 83.0, 197.0, 276.0, 265.0),
(10, 10, 7.0, 1273.0, 74.0, 217.0, 290.0, 248.0, 103.0, 239.0, 75.0, 79.0),
(11, 11, 149.0, 1393.0, 150.0, 257.0, 275.0, 109.0, 129.0, 45.0, 211.0, 40.0),
(12, 12, 55.0, 195.0, 32.0, 63.0, 211.0, 42.0, 95.0, 147.0, 244.0, 144.0),
(13, 13, 38.0, 999.0, 233.0, 222.0, 294.0, 190.0, 163.0, 204.0, 41.0, 91.0),
(14, 14, 132.0, 871.0, 54.0, 212.0, 57.0, 238.0, 110.0, 86.0, 96.0, 272.0),
(15, 15, 113.0, 1073.0, 12.0, 21.0, 190.0, 279.0, 13.0, 79.0, 169.0, 164.0),
(16, 16, 20.0, 691.0, 127.0, 293.0, 154.0, 106.0, 93.0, 23.0, 151.0, 94.0),
(17, 17, 6.0, 686.0, 210.0, 129.0, 104.0, 34.0, 107.0, 39.0, 190.0, 234.0),
(18, 18, 70.0, 1312.0, 247.0, 258.0, 1.0, 31.0, 71.0, 270.0, 262.0, 179.0),
(19, 19, 54.0, 77.0, 161.0, 56.0, 120.0, 276.0, 292.0, 76.0, 199.0, 49.0),
(20, 20, 129.0, 343.0, 238.0, 161.0, 266.0, 14.0, 177.0, 44.0, 126.0, 156.0),
(21, 21, 111.0, 1180.0, 135.0, 5.0, 216.0, 127.0, 56.0, 156.0, 186.0, 294.0),
(22, 22, 32.0, 468.0, 156.0, 117.0, 16.0, 204.0, 64.0, 255.0, 91.0, 200.0),
(23, 23, 114.0, 1493.0, 95.0, 288.0, 299.0, 147.0, 84.0, 37.0, 143.0, 3.0),
(24, 24, 54.0, 1478.0, 15.0, 70.0, 103.0, 3.0, 140.0, 30.0, 123.0, 24.0),
(25, 25, 9.0, 484.0, 230.0, 172.0, 266.0, 277.0, 35.0, 128.0, 92.0, 258.0),
(26, 26, 81.0, 57.0, 176.0, 296.0, 119.0, 117.0, 288.0, 173.0, 40.0, 192.0),
(27, 27, 81.0, 1413.0, 15.0, 44.0, 112.0, 64.0, 163.0, 53.0, 239.0, 181.0),
(28, 28, 35.0, 883.0, 22.0, 249.0, 229.0, 99.0, 277.0, 142.0, 33.0, 67.0),
(29, 29, 124.0, 278.0, 71.0, 162.0, 260.0, 179.0, 211.0, 143.0, 252.0, 213.0),
(30, 30, 4.0, 1075.0, 167.0, 134.0, 39.0, 127.0, 294.0, 85.0, 295.0, 227.0),
(31, 31, 7.0, 1143.0, 217.0, 105.0, 207.0, 49.0, 38.0, 181.0, 127.0, 184.0),
(32, 32, 48.0, 1405.0, 173.0, 94.0, 56.0, 64.0, 294.0, 277.0, 51.0, 141.0),
(33, 33, 148.0, 1067.0, 68.0, 130.0, 183.0, 233.0, 208.0, 285.0, 133.0, 294.0),
(34, 34, 86.0, 998.0, 140.0, 222.0, 51.0, 11.0, 239.0, 21.0, 36.0, 284.0),
(35, 35, 92.0, 512.0, 49.0, 245.0, 111.0, 209.0, 45.0, 4.0, 12.0, 159.0),
(36, 36, 53.0, 1419.0, 119.0, 256.0, 293.0, 177.0, 111.0, 137.0, 5.0, 173.0),
(37, 37, 81.0, 314.0, 131.0, 109.0, 106.0, 91.0, 55.0, 274.0, 212.0, 64.0),
(38, 38, 1.0, 171.0, 60.0, 124.0, 78.0, 82.0, 241.0, 230.0, 128.0, 42.0),
(39, 39, 100.0, 566.0, 281.0, 285.0, 83.0, 129.0, 98.0, 172.0, 228.0, 156.0),
(40, 40, 115.0, 565.0, 92.0, 76.0, 42.0, 76.0, 69.0, 25.0, 171.0, 22.0),
(41, 41, 80.0, 601.0, 277.0, 115.0, 50.0, 279.0, 264.0, 104.0, 166.0, 280.0),
(42, 42, 14.0, 517.0, 84.0, 191.0, 68.0, 132.0, 282.0, 13.0, 30.0, 251.0),
(43, 43, 78.0, 1259.0, 156.0, 1.0, 252.0, 78.0, 223.0, 80.0, 109.0, 199.0),
(44, 44, 12.0, 1201.0, 161.0, 57.0, 108.0, 55.0, 292.0, 220.0, 223.0, 130.0),
(45, 45, 38.0, 585.0, 199.0, 92.0, 51.0, 85.0, 54.0, 19.0, 270.0, 29.0),
(46, 46, 57.0, 856.0, 184.0, 46.0, 66.0, 94.0, 89.0, 38.0, 13.0, 183.0),
(47, 47, 47.0, 1002.0, 86.0, 6.0, 24.0, 74.0, 178.0, 11.0, 296.0, 116.0),
(48, 48, 147.0, 31.0, 148.0, 192.0, 256.0, 161.0, 233.0, 135.0, 272.0, 65.0),
(49, 49, 69.0, 723.0, 73.0, 156.0, 73.0, 27.0, 10.0, 297.0, 260.0, 247.0),
(50, 50, 77.0, 1106.0, 239.0, 3.0, 279.0, 88.0, 46.0, 114.0, 93.0, 148.0),
(51, 51, 29.0, 1320.0, 93.0, 91.0, 158.0, 33.0, 146.0, 169.0, 12.0, 69.0),
(52, 52, 32.0, 659.0, 214.0, 17.0, 49.0, 171.0, 131.0, 193.0, 164.0, 62.0),
(53, 53, 43.0, 70.0, 134.0, 282.0, 21.0, 262.0, 221.0, 172.0, 128.0, 104.0),
(54, 54, 116.0, 1330.0, 128.0, 147.0, 4.0, 279.0, 260.0, 59.0, 60.0, 29.0),
(55, 55, 63.0, 1430.0, 8.0, 150.0, 260.0, 92.0, 145.0, 10.0, 126.0, 220.0),
(56, 56, 119.0, 481.0, 146.0, 228.0, 49.0, 255.0, 145.0, 79.0, 288.0, 237.0),
(57, 57, 115.0, 380.0, 40.0, 145.0, 144.0, 62.0, 221.0, 217.0, 67.0, 10.0),
(58, 58, 83.0, 486.0, 69.0, 85.0, 39.0, 182.0, 19.0, 271.0, 61.0, 96.0),
(59, 59, 146.0, 1397.0, 264.0, 38.0, 11.0, 70.0, 241.0, 66.0, 111.0, 12.0),
(60, 60, 91.0, 1389.0, 135.0, 278.0, 84.0, 96.0, 73.0, 108.0, 269.0, 7.0),
(61, 61, 84.0, 699.0, 3.0, 237.0, 180.0, 115.0, 109.0, 159.0, 169.0, 292.0),
(62, 62, 132.0, 1167.0, 248.0, 198.0, 240.0, 131.0, 291.0, 56.0, 292.0, 270.0),
(63, 63, 137.0, 981.0, 44.0, 114.0, 204.0, 4.0, 178.0, 236.0, 253.0, 77.0),
(64, 64, 146.0, 180.0, 50.0, 279.0, 145.0, 254.0, 297.0, 296.0, 283.0, 98.0),
(65, 65, 141.0, 1451.0, 231.0, 204.0, 17.0, 76.0, 184.0, 282.0, 13.0, 9.0),
(66, 66, 94.0, 1296.0, 181.0, 66.0, 127.0, 146.0, 144.0, 49.0, 7.0, 113.0),
(67, 67, 148.0, 1293.0, 181.0, 239.0, 49.0, 202.0, 124.0, 48.0, 276.0, 38.0),
(68, 68, 82.0, 1100.0, 75.0, 111.0, 168.0, 268.0, 181.0, 250.0, 135.0, 171.0),
(69, 69, 91.0, 1167.0, 122.0, 81.0, 252.0, 43.0, 277.0, 212.0, 244.0, 127.0),
(70, 70, 49.0, 150.0, 64.0, 18.0, 140.0, 184.0, 200.0, 250.0, 162.0, 229.0),
(71, 71, 94.0, 397.0, 202.0, 167.0, 192.0, 72.0, 120.0, 244.0, 257.0, 29.0),
(72, 72, 97.0, 435.0, 147.0, 293.0, 59.0, 83.0, 272.0, 121.0, 242.0, 268.0),
(73, 73, 130.0, 476.0, 25.0, 107.0, 215.0, 63.0, 4.0, 161.0, 72.0, 228.0),
(74, 74, 149.0, 1110.0, 149.0, 41.0, 45.0, 82.0, 111.0, 184.0, 29.0, 249.0),
(75, 75, 110.0, 524.0, 0.0, 38.0, 54.0, 187.0, 104.0, 261.0, 103.0, 188.0),
(76, 76, 103.0, 1252.0, 70.0, 92.0, 165.0, 166.0, 164.0, 34.0, 249.0, 209.0),
(77, 77, 7.0, 662.0, 145.0, 76.0, 3.0, 106.0, 23.0, 114.0, 84.0, 15.0),
(78, 78, 65.0, 1034.0, 241.0, 240.0, 77.0, 172.0, 59.0, 87.0, 81.0, 99.0),
(79, 79, 72.0, 817.0, 83.0, 65.0, 257.0, 68.0, 144.0, 1.0, 238.0, 81.0),
(80, 80, 70.0, 1415.0, 296.0, 48.0, 131.0, 175.0, 231.0, 32.0, 148.0, 55.0),
(81, 81, 38.0, 796.0, 182.0, 218.0, 25.0, 51.0, 180.0, 272.0, 43.0, 28.0),
(82, 82, 48.0, 153.0, 51.0, 58.0, 285.0, 260.0, 237.0, 39.0, 244.0, 21.0),
(83, 83, 22.0, 355.0, 127.0, 103.0, 34.0, 216.0, 174.0, 145.0, 176.0, 93.0),
(84, 84, 108.0, 399.0, 182.0, 82.0, 206.0, 112.0, 148.0, 286.0, 155.0, 83.0),
(85, 85, 139.0, 744.0, 125.0, 274.0, 202.0, 270.0, 170.0, 28.0, 101.0, 286.0),
(86, 86, 147.0, 843.0, 258.0, 144.0, 283.0, 211.0, 277.0, 92.0, 56.0, 187.0),
(87, 87, 102.0, 1308.0, 237.0, 57.0, 259.0, 229.0, 38.0, 149.0, 196.0, 94.0),
(88, 88, 149.0, 1439.0, 214.0, 63.0, 120.0, 235.0, 116.0, 152.0, 103.0, 236.0),
(89, 89, 83.0, 505.0, 193.0, 18.0, 94.0, 255.0, 32.0, 268.0, 132.0, 17.0),
(90, 90, 27.0, 1438.0, 230.0, 169.0, 263.0, 232.0, 273.0, 286.0, 140.0, 13.0),
(91, 91, 116.0, 1108.0, 257.0, 48.0, 59.0, 139.0, 101.0, 166.0, 77.0, 182.0),
(92, 92, 38.0, 1312.0, 270.0, 108.0, 158.0, 234.0, 135.0, 208.0, 235.0, 107.0),
(93, 93, 102.0, 884.0, 72.0, 99.0, 176.0, 42.0, 239.0, 252.0, 3.0, 15.0),
(94, 94, 111.0, 986.0, 2.0, 232.0, 155.0, 76.0, 100.0, 57.0, 178.0, 234.0),
(95, 95, 56.0, 1227.0, 203.0, 204.0, 217.0, 232.0, 45.0, 267.0, 84.0, 211.0),
(96, 96, 24.0, 1259.0, 77.0, 26.0, 212.0, 89.0, 283.0, 70.0, 239.0, 254.0),
(97, 97, 11.0, 1448.0, 167.0, 299.0, 123.0, 292.0, 156.0, 27.0, 231.0, 201.0),
(98, 98, 129.0, 612.0, 86.0, 114.0, 37.0, 297.0, 217.0, 92.0, 97.0, 11.0),
(99, 99, 37.0, 1260.0, 263.0, 197.0, 87.0, 238.0, 195.0, 61.0, 218.0, 104.0),
(100, 100, 33.0, 1393.0, 55.0, 90.0, 64.0, 235.0, 216.0, 188.0, 226.0, 10.0),
(101, 101, 89.0, 1068.0, 259.0, 115.0, 236.0, 191.0, 123.0, 227.0, 95.0, 15.0),
(102, 102, 130.0, 402.0, 10.0, 162.0, 19.0, 25.0, 285.0, 278.0, 102.0, 47.0),
(103, 103, 126.0, 1190.0, 200.0, 236.0, 100.0, 252.0, 153.0, 125.0, 212.0, 105.0),
(104, 104, 128.0, 241.0, 123.0, 294.0, 70.0, 129.0, 158.0, 170.0, 238.0, 50.0),
(105, 105, 28.0, 879.0, 46.0, 77.0, 143.0, 79.0, 28.0, 196.0, 127.0, 231.0),
(106, 106, 18.0, 1422.0, 19.0, 182.0, 90.0, 102.0, 96.0, 288.0, 131.0, 250.0),
(107, 107, 77.0, 97.0, 158.0, 203.0, 190.0, 252.0, 286.0, 135.0, 38.0, 245.0),
(108, 108, 8.0, 579.0, 24.0, 109.0, 122.0, 149.0, 92.0, 214.0, 160.0, 68.0),
(109, 109, 113.0, 34.0, 188.0, 32.0, 19.0, 105.0, 150.0, 120.0, 294.0, 180.0),
(110, 110, 68.0, 60.0, 258.0, 165.0, 199.0, 134.0, 179.0, 102.0, 264.0, 88.0),
(111, 111, 86.0, 121.0, 260.0, 277.0, 70.0, 57.0, 68.0, 243.0, 65.0, 129.0),
(112, 112, 77.0, 274.0, 213.0, 291.0, 210.0, 179.0, 274.0, 154.0, 97.0, 166.0),
(113, 113, 143.0, 114.0, 167.0, 251.0, 210.0, 255.0, 282.0, 214.0, 260.0, 170.0),
(114, 114, 132.0, 1308.0, 167.0, 113.0, 29.0, 114.0, 171.0, 273.0, 23.0, 253.0),
(115, 115, 86.0, 908.0, 159.0, 193.0, 222.0, 201.0, 123.0, 293.0, 195.0, 161.0),
(116, 116, 69.0, 548.0, 279.0, 283.0, 120.0, 115.0, 278.0, 90.0, 181.0, 68.0),
(117, 117, 106.0, 753.0, 290.0, 272.0, 156.0, 72.0, 298.0, 130.0, 210.0, 64.0),
(118, 118, 63.0, 1314.0, 130.0, 19.0, 176.0, 21.0, 186.0, 238.0, 7.0, 294.0),
(119, 119, 45.0, 569.0, 209.0, 98.0, 117.0, 182.0, 70.0, 64.0, 7.0, 137.0),
(120, 120, 70.0, 1468.0, 90.0, 163.0, 284.0, 130.0, 94.0, 262.0, 30.0, 124.0),
(121, 121, 116.0, 764.0, 222.0, 232.0, 179.0, 127.0, 256.0, 273.0, 226.0, 202.0),
(122, 122, 67.0, 78.0, 60.0, 264.0, 274.0, 295.0, 59.0, 63.0, 158.0, 202.0),
(123, 123, 58.0, 1406.0, 222.0, 126.0, 39.0, 210.0, 52.0, 210.0, 35.0, 230.0),
(124, 124, 86.0, 519.0, 111.0, 147.0, 219.0, 84.0, 53.0, 170.0, 290.0, 98.0),
(125, 125, 145.0, 1348.0, 263.0, 270.0, 267.0, 171.0, 45.0, 169.0, 171.0, 190.0),
(126, 126, 34.0, 983.0, 204.0, 100.0, 54.0, 166.0, 15.0, 26.0, 198.0, 43.0),
(127, 127, 141.0, 1078.0, 80.0, 274.0, 279.0, 220.0, 280.0, 21.0, 185.0, 39.0),
(128, 128, 87.0, 1385.0, 173.0, 116.0, 51.0, 15.0, 138.0, 273.0, 10.0, 133.0),
(129, 129, 104.0, 298.0, 283.0, 78.0, 108.0, 108.0, 120.0, 21.0, 140.0, 225.0),
(130, 130, 46.0, 1349.0, 180.0, 98.0, 277.0, 175.0, 4.0, 210.0, 131.0, 76.0),
(131, 131, 25.0, 954.0, 220.0, 159.0, 220.0, 235.0, 190.0, 190.0, 210.0, 191.0),
(132, 132, 92.0, 158.0, 70.0, 53.0, 190.0, 154.0, 133.0, 300.0, 174.0, 80.0),
(133, 133, 52.0, 742.0, 43.0, 36.0, 144.0, 112.0, 213.0, 158.0, 81.0, 58.0),
(134, 134, 5.0, 1410.0, 156.0, 106.0, 95.0, 275.0, 241.0, 227.0, 287.0, 108.0),
(135, 135, 132.0, 1057.0, 260.0, 256.0, 195.0, 99.0, 147.0, 258.0, 123.0, 154.0),
(136, 136, 32.0, 869.0, 150.0, 90.0, 11.0, 14.0, 253.0, 183.0, 107.0, 183.0),
(137, 137, 33.0, 726.0, 106.0, 98.0, 251.0, 119.0, 155.0, 268.0, 170.0, 223.0),
(138, 138, 34.0, 923.0, 68.0, 78.0, 295.0, 282.0, 236.0, 90.0, 53.0, 263.0),
(139, 139, 34.0, 277.0, 140.0, 8.0, 71.0, 189.0, 214.0, 249.0, 122.0, 155.0),
(140, 140, 34.0, 996.0, 123.0, 246.0, 94.0, 49.0, 41.0, 151.0, 42.0, 128.0),
(141, 141, 107.0, 108.0, 81.0, 83.0, 226.0, 256.0, 79.0, 249.0, 256.0, 114.0),
(142, 142, 132.0, 735.0, 213.0, 246.0, 20.0, 97.0, 28.0, 197.0, 152.0, 83.0),
(143, 143, 99.0, 973.0, 284.0, 244.0, 265.0, 151.0, 54.0, 278.0, 11.0, 6.0),
(144, 144, 94.0, 1151.0, 52.0, 93.0, 51.0, 271.0, 256.0, 153.0, 28.0, 287.0),
(145, 145, 6.0, 156.0, 272.0, 54.0, 42.0, 50.0, 151.0, 145.0, 101.0, 107.0),
(146, 146, 15.0, 62.0, 158.0, 60.0, 257.0, 204.0, 199.0, 208.0, 268.0, 101.0),
(147, 147, 62.0, 1298.0, 31.0, 108.0, 186.0, 219.0, 238.0, 26.0, 118.0, 3.0),
(148, 148, 129.0, 118.0, 11.0, 134.0, 41.0, 157.0, 262.0, 253.0, 10.0, 172.0),
(149, 149, 142.0, 463.0, 258.0, 101.0, 125.0, 199.0, 103.0, 9.0, 265.0, 274.0),
(150, 150, 121.0, 1019.0, 288.0, 155.0, 239.0, 273.0, 257.0, 292.0, 87.0, 115.0),
(151, 151, 13.0, 1265.0, 72.0, 20.0, 146.0, 71.0, 180.0, 99.0, 46.0, 73.0),
(152, 152, 144.0, 1390.0, 81.0, 85.0, 104.0, 87.0, 191.0, 156.0, 6.0, 145.0),
(153, 153, 85.0, 884.0, 106.0, 106.0, 178.0, 147.0, 287.0, 74.0, 211.0, 272.0),
(154, 154, 111.0, 71.0, 294.0, 130.0, 13.0, 242.0, 36.0, 271.0, 262.0, 221.0),
(155, 155, 129.0, 332.0, 95.0, 263.0, 224.0, 70.0, 91.0, 36.0, 279.0, 122.0),
(156, 156, 107.0, 452.0, 243.0, 122.0, 265.0, 190.0, 46.0, 156.0, 260.0, 66.0),
(157, 157, 91.0, 891.0, 284.0, 285.0, 213.0, 186.0, 143.0, 92.0, 116.0, 34.0),
(158, 158, 103.0, 259.0, 65.0, 25.0, 248.0, 57.0, 283.0, 86.0, 230.0, 63.0),
(159, 159, 137.0, 234.0, 204.0, 291.0, 125.0, 175.0, 150.0, 139.0, 99.0, 290.0),
(160, 160, 24.0, 711.0, 139.0, 8.0, 39.0, 126.0, 109.0, 79.0, 205.0, 288.0),
(161, 161, 32.0, 250.0, 59.0, 233.0, 64.0, 228.0, 111.0, 187.0, 165.0, 146.0),
(162, 162, 31.0, 800.0, 194.0, 89.0, 11.0, 205.0, 248.0, 220.0, 279.0, 171.0),
(163, 163, 51.0, 572.0, 230.0, 208.0, 115.0, 178.0, 290.0, 297.0, 271.0, 31.0),
(164, 164, 53.0, 423.0, 272.0, 147.0, 137.0, 199.0, 294.0, 149.0, 284.0, 287.0),
(165, 165, 13.0, 567.0, 127.0, 72.0, 11.0, 140.0, 40.0, 236.0, 269.0, 198.0),
(166, 166, 86.0, 590.0, 271.0, 14.0, 154.0, 218.0, 200.0, 267.0, 127.0, 206.0),
(167, 167, 102.0, 1406.0, 46.0, 186.0, 68.0, 200.0, 180.0, 231.0, 141.0, 254.0),
(168, 168, 128.0, 585.0, 277.0, 19.0, 119.0, 224.0, 25.0, 33.0, 112.0, 190.0),
(169, 169, 124.0, 967.0, 221.0, 249.0, 244.0, 144.0, 64.0, 199.0, 205.0, 295.0),
(170, 170, 23.0, 803.0, 286.0, 93.0, 258.0, 118.0, 140.0, 79.0, 265.0, 162.0),
(171, 171, 2.0, 395.0, 230.0, 286.0, 75.0, 249.0, 264.0, 89.0, 5.0, 294.0),
(172, 172, 20.0, 224.0, 162.0, 199.0, 25.0, 154.0, 32.0, 55.0, 238.0, 213.0),
(173, 173, 18.0, 941.0, 239.0, 174.0, 27.0, 56.0, 99.0, 227.0, 99.0, 24.0),
(174, 174, 80.0, 1120.0, 276.0, 243.0, 80.0, 186.0, 40.0, 78.0, 60.0, 233.0),
(175, 175, 60.0, 724.0, 233.0, 6.0, 217.0, 29.0, 4.0, 132.0, 83.0, 186.0),
(176, 176, 92.0, 50.0, 156.0, 64.0, 150.0, 200.0, 97.0, 11.0, 183.0, 40.0),
(177, 177, 55.0, 596.0, 248.0, 187.0, 16.0, 179.0, 116.0, 155.0, 83.0, 271.0),
(178, 178, 119.0, 913.0, 277.0, 211.0, 192.0, 236.0, 48.0, 49.0, 178.0, 182.0),
(179, 179, 40.0, 414.0, 47.0, 243.0, 137.0, 127.0, 299.0, 200.0, 140.0, 107.0),
(180, 180, 108.0, 427.0, 163.0, 145.0, 155.0, 107.0, 265.0, 227.0, 110.0, 214.0),
(181, 181, 34.0, 236.0, 223.0, 134.0, 111.0, 264.0, 78.0, 166.0, 121.0, 143.0),
(182, 182, 18.0, 473.0, 108.0, 285.0, 28.0, 7.0, 137.0, 176.0, 170.0, 288.0),
(183, 183, 9.0, 1166.0, 73.0, 93.0, 197.0, 27.0, 168.0, 236.0, 96.0, 72.0),
(184, 184, 84.0, 1315.0, 41.0, 290.0, 212.0, 30.0, 86.0, 291.0, 134.0, 41.0),
(185, 185, 17.0, 581.0, 102.0, 237.0, 243.0, 135.0, 86.0, 68.0, 88.0, 226.0),
(186, 186, 60.0, 684.0, 207.0, 201.0, 279.0, 6.0, 35.0, 288.0, 32.0, 47.0),
(187, 187, 80.0, 749.0, 216.0, 211.0, 154.0, 155.0, 101.0, 110.0, 239.0, 298.0),
(188, 188, 135.0, 1029.0, 185.0, 5.0, 282.0, 41.0, 289.0, 163.0, 297.0, 152.0),
(189, 189, 59.0, 1019.0, 77.0, 192.0, 66.0, 226.0, 270.0, 67.0, 192.0, 192.0),
(190, 190, 91.0, 1192.0, 167.0, 215.0, 3.0, 60.0, 13.0, 66.0, 160.0, 163.0),
(191, 191, 49.0, 568.0, 67.0, 154.0, 40.0, 298.0, 287.0, 129.0, 242.0, 27.0),
(192, 192, 81.0, 1491.0, 300.0, 243.0, 172.0, 258.0, 18.0, 0.0, 96.0, 36.0),
(193, 193, 112.0, 1080.0, 51.0, 133.0, 136.0, 126.0, 20.0, 131.0, 62.0, 12.0),
(194, 194, 94.0, 901.0, 271.0, 24.0, 29.0, 163.0, 287.0, 135.0, 272.0, 43.0),
(195, 195, 134.0, 799.0, 163.0, 203.0, 16.0, 39.0, 236.0, 126.0, 180.0, 72.0),
(196, 196, 37.0, 799.0, 174.0, 298.0, 63.0, 20.0, 277.0, 242.0, 206.0, 91.0),
(197, 197, 128.0, 1331.0, 11.0, 194.0, 245.0, 172.0, 88.0, 196.0, 86.0, 185.0),
(198, 198, 15.0, 373.0, 208.0, 112.0, 193.0, 190.0, 4.0, 156.0, 94.0, 195.0),
(199, 199, 119.0, 274.0, 24.0, 262.0, 289.0, 142.0, 140.0, 58.0, 132.0, 251.0),
(200, 200, 95.0, 803.0, 221.0, 205.0, 195.0, 162.0, 181.0, 179.0, 50.0, 194.0),
(201, 201, 24.0, 423.0, 254.0, 287.0, 274.0, 162.0, 245.0, 102.0, 181.0, 277.0),
(202, 202, 69.0, 873.0, 266.0, 106.0, 82.0, 36.0, 54.0, 139.0, 296.0, 85.0),
(203, 203, 139.0, 556.0, 74.0, 226.0, 112.0, 244.0, 195.0, 6.0, 268.0, 237.0),
(204, 204, 149.0, 1400.0, 99.0, 99.0, 186.0, 130.0, 20.0, 77.0, 12.0, 201.0),
(205, 205, 136.0, 897.0, 82.0, 80.0, 108.0, 51.0, 74.0, 129.0, 248.0, 126.0),
(206, 206, 146.0, 1348.0, 50.0, 191.0, 11.0, 84.0, 112.0, 37.0, 219.0, 250.0),
(207, 207, 119.0, 866.0, 159.0, 137.0, 293.0, 145.0, 60.0, 276.0, 167.0, 238.0),
(208, 208, 148.0, 196.0, 92.0, 119.0, 232.0, 57.0, 25.0, 273.0, 152.0, 0.0),
(209, 209, 30.0, 106.0, 180.0, 160.0, 69.0, 32.0, 113.0, 204.0, 188.0, 175.0),
(210, 210, 103.0, 1471.0, 198.0, 43.0, 121.0, 233.0, 246.0, 164.0, 124.0, 290.0),
(211, 211, 54.0, 669.0, 177.0, 104.0, 100.0, 30.0, 149.0, 169.0, 16.0, 281.0),
(212, 212, 150.0, 189.0, 164.0, 29.0, 182.0, 117.0, 196.0, 204.0, 25.0, 217.0),
(213, 213, 127.0, 1171.0, 287.0, 155.0, 68.0, 263.0, 276.0, 153.0, 205.0, 93.0),
(214, 214, 108.0, 1424.0, 87.0, 275.0, 86.0, 164.0, 265.0, 23.0, 296.0, 42.0),
(215, 215, 149.0, 282.0, 64.0, 268.0, 227.0, 174.0, 292.0, 146.0, 30.0, 39.0),
(216, 216, 113.0, 574.0, 75.0, 187.0, 18.0, 208.0, 236.0, 132.0, 264.0, 256.0),
(217, 217, 1.0, 60.0, 274.0, 139.0, 15.0, 140.0, 169.0, 242.0, 279.0, 55.0),
(218, 218, 2.0, 581.0, 194.0, 139.0, 262.0, 268.0, 24.0, 8.0, 116.0, 172.0),
(219, 219, 64.0, 530.0, 142.0, 248.0, 245.0, 55.0, 8.0, 33.0, 46.0, 131.0),
(220, 220, 68.0, 621.0, 53.0, 161.0, 202.0, 83.0, 27.0, 95.0, 86.0, 200.0),
(221, 221, 20.0, 1069.0, 56.0, 209.0, 276.0, 67.0, 126.0, 7.0, 35.0, 127.0),
(222, 222, 55.0, 671.0, 211.0, 198.0, 83.0, 54.0, 172.0, 154.0, 258.0, 244.0),
(223, 223, 118.0, 25.0, 53.0, 225.0, 12.0, 45.0, 5.0, 184.0, 85.0, 114.0),
(224, 224, 21.0, 638.0, 101.0, 215.0, 226.0, 9.0, 91.0, 259.0, 31.0, 152.0),
(225, 225, 33.0, 628.0, 271.0, 281.0, 60.0, 133.0, 55.0, 10.0, 10.0, 276.0),
(226, 226, 51.0, 18.0, 220.0, 173.0, 142.0, 161.0, 259.0, 220.0, 46.0, 249.0),
(227, 227, 3.0, 146.0, 219.0, 252.0, 7.0, 176.0, 192.0, 276.0, 274.0, 27.0),
(228, 228, 59.0, 277.0, 214.0, 149.0, 74.0, 67.0, 279.0, 29.0, 83.0, 287.0),
(229, 229, 36.0, 465.0, 273.0, 141.0, 190.0, 261.0, 286.0, 176.0, 76.0, 15.0),
(230, 230, 92.0, 743.0, 294.0, 99.0, 275.0, 20.0, 227.0, 20.0, 52.0, 189.0),
(231, 231, 65.0, 217.0, 255.0, 246.0, 239.0, 279.0, 94.0, 92.0, 126.0, 38.0),
(232, 232, 58.0, 451.0, 197.0, 117.0, 119.0, 11.0, 133.0, 290.0, 199.0, 92.0),
(233, 233, 68.0, 870.0, 83.0, 180.0, 204.0, 27.0, 270.0, 49.0, 280.0, 19.0),
(234, 234, 35.0, 1368.0, 166.0, 11.0, 213.0, 184.0, 221.0, 43.0, 164.0, 254.0),
(235, 235, 145.0, 284.0, 292.0, 123.0, 168.0, 159.0, 233.0, 84.0, 181.0, 70.0),
(236, 236, 79.0, 1326.0, 200.0, 158.0, 56.0, 200.0, 98.0, 290.0, 195.0, 110.0),
(237, 237, 73.0, 1274.0, 180.0, 124.0, 15.0, 159.0, 207.0, 6.0, 233.0, 34.0),
(238, 238, 69.0, 531.0, 248.0, 281.0, 19.0, 289.0, 263.0, 161.0, 77.0, 209.0),
(239, 239, 22.0, 1176.0, 253.0, 228.0, 199.0, 203.0, 172.0, 298.0, 252.0, 264.0),
(240, 240, 19.0, 1421.0, 116.0, 239.0, 12.0, 12.0, 249.0, 8.0, 206.0, 17.0),
(241, 241, 55.0, 1326.0, 52.0, 101.0, 216.0, 134.0, 33.0, 181.0, 227.0, 110.0),
(242, 242, 2.0, 945.0, 226.0, 154.0, 123.0, 51.0, 20.0, 200.0, 286.0, 64.0),
(243, 243, 53.0, 23.0, 94.0, 169.0, 191.0, 220.0, 81.0, 166.0, 259.0, 177.0),
(244, 244, 65.0, 904.0, 147.0, 262.0, 108.0, 5.0, 288.0, 154.0, 140.0, 12.0),
(245, 245, 123.0, 1345.0, 184.0, 10.0, 269.0, 135.0, 184.0, 231.0, 85.0, 112.0),
(246, 246, 71.0, 74.0, 34.0, 253.0, 68.0, 147.0, 235.0, 67.0, 262.0, 44.0),
(247, 247, 76.0, 833.0, 21.0, 257.0, 42.0, 265.0, 276.0, 44.0, 160.0, 108.0),
(248, 248, 125.0, 1072.0, 216.0, 14.0, 25.0, 54.0, 82.0, 133.0, 188.0, 156.0),
(249, 249, 134.0, 797.0, 45.0, 290.0, 241.0, 54.0, 225.0, 17.0, 285.0, 12.0),
(250, 250, 103.0, 1182.0, 273.0, 140.0, 215.0, 20.0, 122.0, 31.0, 177.0, 215.0),
(251, 251, 68.0, 1043.0, 61.0, 286.0, 266.0, 241.0, 144.0, 16.0, 271.0, 159.0),
(252, 252, 141.0, 637.0, 198.0, 228.0, 40.0, 141.0, 67.0, 234.0, 198.0, 29.0),
(253, 253, 128.0, 551.0, 37.0, 161.0, 51.0, 52.0, 23.0, 72.0, 140.0, 59.0),
(254, 254, 76.0, 795.0, 217.0, 200.0, 84.0, 42.0, 224.0, 189.0, 0.0, 75.0),
(255, 255, 124.0, 1018.0, 218.0, 171.0, 53.0, 275.0, 48.0, 225.0, 53.0, 156.0),
(256, 256, 21.0, 386.0, 63.0, 187.0, 79.0, 260.0, 26.0, 85.0, 263.0, 267.0),
(257, 257, 138.0, 1202.0, 209.0, 219.0, 29.0, 162.0, 170.0, 93.0, 243.0, 35.0),
(258, 258, 45.0, 1315.0, 133.0, 186.0, 144.0, 30.0, 248.0, 149.0, 80.0, 46.0),
(259, 259, 123.0, 594.0, 132.0, 143.0, 291.0, 241.0, 276.0, 277.0, 196.0, 84.0),
(260, 260, 50.0, 436.0, 128.0, 124.0, 67.0, 118.0, 184.0, 193.0, 168.0, 87.0),
(261, 261, 136.0, 1290.0, 53.0, 156.0, 148.0, 21.0, 15.0, 36.0, 146.0, 108.0),
(262, 262, 73.0, 303.0, 229.0, 199.0, 221.0, 48.0, 152.0, 140.0, 259.0, 193.0),
(263, 263, 127.0, 760.0, 80.0, 66.0, 17.0, 217.0, 165.0, 137.0, 32.0, 98.0),
(264, 264, 20.0, 278.0, 149.0, 245.0, 79.0, 91.0, 30.0, 164.0, 221.0, 114.0),
(265, 265, 117.0, 1493.0, 15.0, 11.0, 242.0, 275.0, 2.0, 120.0, 10.0, 216.0),
(266, 266, 96.0, 938.0, 179.0, 258.0, 215.0, 260.0, 44.0, 280.0, 92.0, 92.0),
(267, 267, 126.0, 1168.0, 15.0, 54.0, 69.0, 106.0, 225.0, 66.0, 224.0, 129.0),
(268, 268, 1.0, 1011.0, 295.0, 6.0, 161.0, 35.0, 255.0, 225.0, 122.0, 31.0),
(269, 269, 117.0, 1041.0, 49.0, 130.0, 237.0, 120.0, 210.0, 173.0, 44.0, 213.0),
(270, 270, 79.0, 168.0, 298.0, 292.0, 276.0, 280.0, 34.0, 106.0, 77.0, 69.0),
(271, 271, 71.0, 1.0, 219.0, 39.0, 224.0, 57.0, 268.0, 258.0, 229.0, 99.0),
(272, 272, 8.0, 1027.0, 108.0, 88.0, 269.0, 210.0, 129.0, 34.0, 31.0, 226.0),
(273, 273, 64.0, 281.0, 296.0, 225.0, 234.0, 15.0, 20.0, 240.0, 194.0, 164.0),
(274, 274, 94.0, 1488.0, 242.0, 253.0, 225.0, 183.0, 288.0, 162.0, 249.0, 59.0),
(275, 275, 73.0, 28.0, 289.0, 286.0, 16.0, 208.0, 187.0, 19.0, 1.0, 175.0),
(276, 276, 141.0, 1249.0, 110.0, 64.0, 24.0, 27.0, 55.0, 208.0, 234.0, 120.0),
(277, 277, 7.0, 506.0, 83.0, 177.0, 224.0, 135.0, 52.0, 224.0, 264.0, 119.0),
(278, 278, 17.0, 915.0, 75.0, 176.0, 189.0, 15.0, 252.0, 97.0, 66.0, 199.0),
(279, 279, 147.0, 346.0, 299.0, 105.0, 74.0, 260.0, 236.0, 146.0, 206.0, 171.0),
(280, 280, 70.0, 331.0, 299.0, 99.0, 227.0, 1.0, 57.0, 121.0, 78.0, 147.0),
(281, 281, 17.0, 1013.0, 110.0, 222.0, 232.0, 283.0, 289.0, 150.0, 50.0, 197.0),
(282, 282, 48.0, 1273.0, 244.0, 166.0, 19.0, 209.0, 266.0, 193.0, 13.0, 11.0),
(283, 283, 5.0, 1482.0, 272.0, 22.0, 165.0, 176.0, 176.0, 264.0, 228.0, 4.0),
(284, 284, 49.0, 1318.0, 211.0, 27.0, 150.0, 34.0, 116.0, 299.0, 222.0, 270.0),
(285, 285, 94.0, 926.0, 148.0, 297.0, 251.0, 275.0, 134.0, 73.0, 294.0, 27.0),
(286, 286, 102.0, 1161.0, 265.0, 88.0, 165.0, 236.0, 243.0, 198.0, 264.0, 182.0),
(287, 287, 36.0, 280.0, 241.0, 270.0, 130.0, 183.0, 90.0, 141.0, 18.0, 290.0),
(288, 288, 68.0, 873.0, 54.0, 143.0, 160.0, 64.0, 219.0, 30.0, 46.0, 4.0),
(289, 289, 23.0, 703.0, 101.0, 145.0, 99.0, 115.0, 82.0, 6.0, 232.0, 219.0),
(290, 290, 59.0, 686.0, 40.0, 51.0, 269.0, 283.0, 105.0, 162.0, 215.0, 84.0),
(291, 291, 65.0, 1028.0, 16.0, 287.0, 155.0, 16.0, 38.0, 78.0, 75.0, 64.0),
(292, 292, 44.0, 1314.0, 266.0, 234.0, 291.0, 47.0, 106.0, 33.0, 241.0, 170.0),
(293, 293, 104.0, 670.0, 205.0, 129.0, 209.0, 56.0, 11.0, 296.0, 285.0, 35.0),
(294, 294, 56.0, 351.0, 174.0, 96.0, 62.0, 181.0, 153.0, 152.0, 127.0, 143.0),
(295, 295, 4.0, 1114.0, 128.0, 59.0, 155.0, 95.0, 289.0, 139.0, 45.0, 146.0),
(296, 296, 8.0, 25.0, 263.0, 279.0, 231.0, 149.0, 135.0, 53.0, 31.0, 64.0),
(297, 297, 73.0, 1129.0, 238.0, 296.0, 189.0, 93.0, 107.0, 216.0, 135.0, 297.0),
(298, 298, 99.0, 1209.0, 107.0, 80.0, 269.0, 179.0, 25.0, 281.0, 235.0, 123.0),
(299, 299, 10.0, 97.0, 123.0, 276.0, 296.0, 53.0, 97.0, 91.0, 166.0, 84.0),
(300, 300, 61.0, 1155.0, 25.0, 191.0, 105.0, 26.0, 56.0, 69.0, 190.0, 264.0),
(301, 301, 121.0, 598.0, 125.0, 269.0, 298.0, 203.0, 181.0, 241.0, 258.0, 131.0),
(302, 302, 138.0, 37.0, 57.0, 30.0, 180.0, 91.0, 261.0, 135.0, 47.0, 82.0),
(303, 303, 12.0, 476.0, 124.0, 293.0, 221.0, 173.0, 197.0, 272.0, 188.0, 18.0),
(304, 304, 90.0, 64.0, 223.0, 60.0, 110.0, 227.0, 104.0, 195.0, 165.0, 111.0),
(305, 305, 123.0, 22.0, 219.0, 74.0, 113.0, 258.0, 33.0, 85.0, 83.0, 75.0),
(306, 306, 5.0, 293.0, 103.0, 173.0, 136.0, 55.0, 179.0, 5.0, 34.0, 19.0),
(307, 307, 109.0, 372.0, 244.0, 135.0, 251.0, 240.0, 123.0, 169.0, 291.0, 244.0),
(308, 308, 128.0, 985.0, 256.0, 133.0, 92.0, 278.0, 119.0, 276.0, 142.0, 169.0),
(309, 309, 99.0, 634.0, 293.0, 225.0, 245.0, 155.0, 95.0, 100.0, 264.0, 54.0),
(310, 310, 51.0, 124.0, 46.0, 200.0, 275.0, 239.0, 43.0, 214.0, 114.0, 244.0),
(311, 311, 122.0, 671.0, 203.0, 57.0, 223.0, 235.0, 116.0, 253.0, 111.0, 141.0),
(312, 312, 19.0, 1475.0, 238.0, 111.0, 1.0, 55.0, 148.0, 119.0, 273.0, 110.0),
(313, 313, 127.0, 384.0, 85.0, 296.0, 85.0, 67.0, 166.0, 115.0, 219.0, 187.0),
(314, 314, 31.0, 1448.0, 280.0, 271.0, 33.0, 294.0, 183.0, 193.0, 109.0, 20.0),
(315, 315, 71.0, 616.0, 136.0, 40.0, 26.0, 167.0, 84.0, 165.0, 69.0, 216.0),
(316, 316, 137.0, 333.0, 4.0, 27.0, 53.0, 109.0, 270.0, 4.0, 288.0, 246.0),
(317, 317, 117.0, 665.0, 245.0, 112.0, 299.0, 198.0, 26.0, 264.0, 128.0, 233.0),
(318, 318, 52.0, 77.0, 177.0, 128.0, 53.0, 224.0, 59.0, 87.0, 260.0, 16.0),
(319, 319, 109.0, 1209.0, 139.0, 48.0, 275.0, 244.0, 266.0, 149.0, 15.0, 134.0),
(320, 320, 99.0, 682.0, 36.0, 94.0, 38.0, 215.0, 48.0, 179.0, 191.0, 122.0),
(321, 321, 50.0, 344.0, 186.0, 222.0, 164.0, 137.0, 206.0, 220.0, 44.0, 38.0),
(322, 322, 121.0, 1052.0, 39.0, 222.0, 173.0, 299.0, 90.0, 246.0, 296.0, 174.0),
(323, 323, 145.0, 742.0, 141.0, 236.0, 250.0, 294.0, 248.0, 189.0, 168.0, 207.0),
(324, 324, 58.0, 630.0, 208.0, 147.0, 115.0, 195.0, 214.0, 108.0, 203.0, 10.0),
(325, 325, 132.0, 664.0, 157.0, 225.0, 295.0, 151.0, 226.0, 42.0, 112.0, 223.0),
(326, 326, 102.0, 1173.0, 166.0, 238.0, 152.0, 70.0, 12.0, 139.0, 55.0, 155.0),
(327, 327, 62.0, 406.0, 206.0, 130.0, 176.0, 177.0, 297.0, 285.0, 286.0, 122.0),
(328, 328, 110.0, 45.0, 283.0, 57.0, 191.0, 124.0, 39.0, 248.0, 44.0, 299.0),
(329, 329, 80.0, 1109.0, 204.0, 99.0, 213.0, 256.0, 89.0, 63.0, 96.0, 49.0),
(330, 330, 55.0, 1193.0, 239.0, 285.0, 51.0, 64.0, 299.0, 292.0, 13.0, 197.0),
(331, 331, 146.0, 16.0, 8.0, 122.0, 69.0, 34.0, 229.0, 101.0, 176.0, 32.0),
(332, 332, 142.0, 228.0, 204.0, 206.0, 70.0, 168.0, 71.0, 147.0, 178.0, 154.0),
(333, 333, 111.0, 885.0, 35.0, 72.0, 13.0, 104.0, 123.0, 190.0, 282.0, 100.0),
(334, 334, 71.0, 233.0, 282.0, 65.0, 104.0, 143.0, 127.0, 168.0, 14.0, 251.0),
(335, 335, 4.0, 623.0, 106.0, 133.0, 284.0, 54.0, 257.0, 268.0, 161.0, 125.0),
(336, 336, 58.0, 157.0, 48.0, 182.0, 269.0, 202.0, 223.0, 9.0, 87.0, 9.0),
(337, 337, 120.0, 595.0, 53.0, 101.0, 259.0, 30.0, 155.0, 267.0, 210.0, 295.0),
(338, 338, 114.0, 1111.0, 238.0, 240.0, 216.0, 92.0, 188.0, 65.0, 174.0, 286.0),
(339, 339, 45.0, 499.0, 213.0, 8.0, 188.0, 241.0, 210.0, 4.0, 227.0, 13.0),
(340, 340, 90.0, 21.0, 221.0, 88.0, 137.0, 138.0, 138.0, 75.0, 201.0, 4.0),
(341, 341, 51.0, 1097.0, 121.0, 55.0, 219.0, 217.0, 238.0, 22.0, 142.0, 57.0),
(342, 342, 121.0, 737.0, 206.0, 26.0, 285.0, 175.0, 196.0, 178.0, 135.0, 174.0),
(343, 343, 22.0, 902.0, 191.0, 140.0, 76.0, 23.0, 181.0, 121.0, 12.0, 2.0),
(344, 344, 38.0, 483.0, 273.0, 260.0, 244.0, 207.0, 111.0, 216.0, 9.0, 40.0),
(345, 345, 57.0, 931.0, 219.0, 277.0, 133.0, 24.0, 19.0, 4.0, 145.0, 85.0),
(346, 346, 88.0, 910.0, 149.0, 257.0, 262.0, 191.0, 142.0, 118.0, 73.0, 143.0),
(347, 347, 104.0, 1116.0, 39.0, 135.0, 108.0, 137.0, 192.0, 122.0, 77.0, 285.0),
(348, 348, 133.0, 1391.0, 195.0, 207.0, 28.0, 254.0, 99.0, 116.0, 61.0, 263.0),
(349, 349, 101.0, 1115.0, 131.0, 150.0, 229.0, 239.0, 12.0, 82.0, 261.0, 17.0),
(350, 350, 146.0, 297.0, 59.0, 206.0, 275.0, 204.0, 222.0, 168.0, 99.0, 101.0),
(351, 351, 15.0, 363.0, 44.0, 230.0, 65.0, 224.0, 256.0, 23.0, 265.0, 205.0),
(352, 352, 68.0, 698.0, 209.0, 136.0, 267.0, 138.0, 29.0, 281.0, 13.0, 257.0),
(353, 353, 50.0, 343.0, 229.0, 77.0, 234.0, 101.0, 10.0, 196.0, 192.0, 268.0),
(354, 354, 70.0, 272.0, 14.0, 118.0, 197.0, 94.0, 231.0, 19.0, 248.0, 80.0),
(355, 355, 89.0, 169.0, 46.0, 80.0, 259.0, 214.0, 231.0, 180.0, 201.0, 67.0),
(356, 356, 102.0, 794.0, 115.0, 294.0, 211.0, 11.0, 97.0, 125.0, 12.0, 256.0),
(357, 357, 137.0, 63.0, 142.0, 211.0, 21.0, 135.0, 236.0, 166.0, 274.0, 219.0),
(358, 358, 123.0, 1277.0, 205.0, 1.0, 212.0, 279.0, 37.0, 298.0, 227.0, 225.0),
(359, 359, 60.0, 765.0, 128.0, 17.0, 77.0, 155.0, 33.0, 48.0, 171.0, 226.0),
(360, 360, 78.0, 390.0, 293.0, 231.0, 218.0, 70.0, 81.0, 112.0, 11.0, 169.0),
(361, 361, 72.0, 1122.0, 113.0, 76.0, 203.0, 99.0, 272.0, 211.0, 172.0, 174.0),
(362, 362, 60.0, 1309.0, 197.0, 29.0, 255.0, 223.0, 282.0, 16.0, 207.0, 186.0),
(363, 363, 31.0, 233.0, 167.0, 255.0, 182.0, 270.0, 159.0, 210.0, 35.0, 287.0),
(364, 364, 55.0, 1097.0, 58.0, 168.0, 208.0, 11.0, 201.0, 49.0, 45.0, 12.0),
(365, 365, 47.0, 957.0, 227.0, 4.0, 300.0, 119.0, 147.0, 32.0, 233.0, 4.0),
(366, 366, 66.0, 28.0, 176.0, 256.0, 1.0, 146.0, 228.0, 269.0, 55.0, 228.0),
(367, 367, 22.0, 732.0, 203.0, 68.0, 198.0, 43.0, 293.0, 187.0, 273.0, 58.0),
(368, 368, 42.0, 1342.0, 76.0, 39.0, 215.0, 66.0, 140.0, 44.0, 183.0, 87.0),
(369, 369, 132.0, 923.0, 54.0, 30.0, 96.0, 95.0, 113.0, 197.0, 293.0, 255.0),
(370, 370, 70.0, 810.0, 198.0, 144.0, 233.0, 121.0, 177.0, 199.0, 254.0, 180.0),
(371, 371, 124.0, 1364.0, 54.0, 154.0, 228.0, 254.0, 263.0, 130.0, 266.0, 126.0),
(372, 372, 67.0, 1349.0, 166.0, 69.0, 140.0, 224.0, 76.0, 14.0, 296.0, 201.0),
(373, 373, 7.0, 807.0, 96.0, 68.0, 153.0, 53.0, 212.0, 288.0, 66.0, 240.0),
(374, 374, 78.0, 1420.0, 73.0, 103.0, 129.0, 169.0, 1.0, 298.0, 171.0, 258.0),
(375, 375, 116.0, 963.0, 50.0, 135.0, 148.0, 280.0, 44.0, 292.0, 250.0, 147.0),
(376, 376, 52.0, 439.0, 73.0, 133.0, 151.0, 131.0, 111.0, 258.0, 264.0, 19.0),
(377, 377, 50.0, 841.0, 37.0, 221.0, 224.0, 250.0, 243.0, 211.0, 262.0, 287.0),
(378, 378, 80.0, 33.0, 296.0, 163.0, 297.0, 63.0, 39.0, 198.0, 239.0, 14.0),
(379, 379, 61.0, 941.0, 8.0, 295.0, 119.0, 239.0, 85.0, 82.0, 273.0, 64.0),
(380, 380, 48.0, 683.0, 66.0, 291.0, 62.0, 71.0, 219.0, 177.0, 83.0, 112.0),
(381, 381, 94.0, 477.0, 48.0, 129.0, 56.0, 105.0, 74.0, 204.0, 183.0, 282.0),
(382, 382, 148.0, 528.0, 262.0, 211.0, 84.0, 26.0, 54.0, 68.0, 55.0, 259.0),
(383, 383, 1.0, 298.0, 78.0, 252.0, 206.0, 119.0, 187.0, 279.0, 89.0, 63.0),
(384, 384, 45.0, 773.0, 183.0, 197.0, 225.0, 191.0, 210.0, 89.0, 96.0, 179.0),
(385, 385, 45.0, 1478.0, 153.0, 33.0, 86.0, 87.0, 246.0, 284.0, 134.0, 11.0),
(386, 386, 121.0, 807.0, 39.0, 204.0, 227.0, 196.0, 229.0, 33.0, 6.0, 153.0),
(387, 387, 94.0, 633.0, 7.0, 89.0, 69.0, 145.0, 59.0, 73.0, 94.0, 64.0),
(388, 388, 80.0, 879.0, 210.0, 61.0, 87.0, 210.0, 39.0, 277.0, 292.0, 124.0),
(389, 389, 56.0, 1260.0, 89.0, 99.0, 119.0, 199.0, 74.0, 159.0, 162.0, 223.0),
(390, 390, 111.0, 1421.0, 221.0, 201.0, 105.0, 47.0, 229.0, 3.0, 179.0, 148.0),
(391, 391, 76.0, 721.0, 97.0, 7.0, 125.0, 148.0, 40.0, 133.0, 234.0, 82.0),
(392, 392, 116.0, 976.0, 288.0, 202.0, 79.0, 143.0, 19.0, 193.0, 254.0, 2.0),
(393, 393, 123.0, 43.0, 58.0, 114.0, 207.0, 170.0, 76.0, 125.0, 66.0, 35.0),
(394, 394, 114.0, 943.0, 32.0, 189.0, 262.0, 61.0, 55.0, 86.0, 151.0, 0.0),
(395, 395, 135.0, 297.0, 32.0, 241.0, 158.0, 140.0, 176.0, 118.0, 157.0, 208.0),
(396, 396, 41.0, 777.0, 63.0, 193.0, 102.0, 15.0, 221.0, 25.0, 8.0, 97.0),
(397, 397, 55.0, 1194.0, 106.0, 52.0, 130.0, 84.0, 84.0, 211.0, 168.0, 137.0),
(398, 398, 40.0, 81.0, 73.0, 225.0, 185.0, 279.0, 43.0, 178.0, 226.0, 164.0),
(399, 399, 37.0, 73.0, 248.0, 11.0, 186.0, 214.0, 86.0, 245.0, 127.0, 230.0),
(400, 400, 126.0, 555.0, 195.0, 206.0, 191.0, 173.0, 262.0, 248.0, 211.0, 290.0),
(401, 401, 41.0, 9.0, 111.0, 235.0, 112.0, 266.0, 220.0, 115.0, 180.0, 234.0),
(402, 402, 71.0, 1015.0, 270.0, 146.0, 277.0, 2.0, 74.0, 104.0, 260.0, 27.0),
(403, 403, 28.0, 351.0, 14.0, 4.0, 186.0, 262.0, 106.0, 21.0, 23.0, 73.0),
(404, 404, 119.0, 777.0, 110.0, 191.0, 243.0, 179.0, 41.0, 67.0, 190.0, 80.0),
(405, 405, 51.0, 361.0, 15.0, 199.0, 290.0, 6.0, 128.0, 246.0, 28.0, 117.0),
(406, 406, 138.0, 640.0, 113.0, 208.0, 143.0, 86.0, 280.0, 287.0, 123.0, 131.0),
(407, 407, 66.0, 748.0, 180.0, 256.0, 286.0, 43.0, 116.0, 233.0, 154.0, 93.0),
(408, 408, 91.0, 843.0, 1.0, 169.0, 2.0, 233.0, 267.0, 84.0, 38.0, 19.0),
(409, 409, 108.0, 1063.0, 237.0, 285.0, 30.0, 214.0, 239.0, 139.0, 277.0, 213.0),
(410, 410, 45.0, 241.0, 145.0, 28.0, 156.0, 291.0, 242.0, 275.0, 231.0, 93.0),
(411, 411, 115.0, 184.0, 107.0, 282.0, 217.0, 75.0, 105.0, 15.0, 79.0, 7.0),
(412, 412, 92.0, 1413.0, 113.0, 293.0, 156.0, 91.0, 40.0, 158.0, 235.0, 257.0),
(413, 413, 54.0, 675.0, 203.0, 272.0, 262.0, 65.0, 86.0, 245.0, 89.0, 256.0),
(414, 414, 77.0, 1087.0, 109.0, 71.0, 84.0, 50.0, 277.0, 79.0, 112.0, 19.0),
(415, 415, 53.0, 1001.0, 93.0, 88.0, 49.0, 5.0, 213.0, 292.0, 166.0, 262.0),
(416, 416, 22.0, 963.0, 153.0, 244.0, 244.0, 85.0, 15.0, 280.0, 41.0, 154.0),
(417, 417, 23.0, 136.0, 10.0, 298.0, 211.0, 228.0, 123.0, 287.0, 267.0, 238.0),
(418, 418, 140.0, 1085.0, 229.0, 102.0, 272.0, 59.0, 268.0, 16.0, 78.0, 15.0),
(419, 419, 66.0, 1251.0, 279.0, 254.0, 293.0, 142.0, 172.0, 118.0, 55.0, 143.0),
(420, 420, 13.0, 186.0, 290.0, 187.0, 284.0, 73.0, 116.0, 239.0, 99.0, 130.0),
(421, 421, 26.0, 441.0, 146.0, 195.0, 288.0, 11.0, 88.0, 209.0, 245.0, 264.0),
(422, 422, 61.0, 1483.0, 108.0, 189.0, 155.0, 185.0, 89.0, 27.0, 72.0, 134.0),
(423, 423, 2.0, 1403.0, 229.0, 290.0, 177.0, 236.0, 98.0, 255.0, 38.0, 195.0),
(424, 424, 64.0, 1285.0, 95.0, 203.0, 281.0, 36.0, 167.0, 26.0, 125.0, 174.0),
(425, 425, 43.0, 1108.0, 71.0, 20.0, 276.0, 13.0, 189.0, 89.0, 59.0, 200.0),
(426, 426, 138.0, 1310.0, 10.0, 61.0, 33.0, 56.0, 152.0, 74.0, 255.0, 242.0),
(427, 427, 141.0, 1374.0, 290.0, 51.0, 96.0, 279.0, 295.0, 201.0, 199.0, 165.0),
(428, 428, 21.0, 260.0, 223.0, 81.0, 185.0, 134.0, 81.0, 225.0, 292.0, 162.0),
(429, 429, 121.0, 321.0, 276.0, 171.0, 253.0, 180.0, 115.0, 239.0, 56.0, 103.0),
(430, 430, 104.0, 1202.0, 69.0, 276.0, 74.0, 99.0, 249.0, 177.0, 218.0, 257.0),
(431, 431, 59.0, 1259.0, 73.0, 17.0, 188.0, 185.0, 164.0, 21.0, 14.0, 110.0),
(432, 432, 138.0, 814.0, 186.0, 191.0, 72.0, 298.0, 112.0, 186.0, 266.0, 75.0),
(433, 433, 39.0, 391.0, 6.0, 64.0, 282.0, 289.0, 131.0, 103.0, 51.0, 299.0),
(434, 434, 116.0, 1137.0, 138.0, 161.0, 26.0, 175.0, 206.0, 247.0, 297.0, 212.0),
(435, 435, 120.0, 785.0, 196.0, 10.0, 217.0, 112.0, 64.0, 290.0, 2.0, 153.0),
(436, 436, 50.0, 1134.0, 287.0, 202.0, 186.0, 289.0, 12.0, 198.0, 67.0, 97.0),
(437, 437, 137.0, 362.0, 48.0, 231.0, 208.0, 200.0, 251.0, 75.0, 281.0, 209.0),
(438, 438, 67.0, 1230.0, 229.0, 118.0, 11.0, 173.0, 201.0, 211.0, 293.0, 63.0),
(439, 439, 24.0, 1133.0, 178.0, 130.0, 292.0, 108.0, 76.0, 188.0, 94.0, 224.0),
(440, 440, 121.0, 127.0, 13.0, 119.0, 269.0, 16.0, 257.0, 185.0, 191.0, 104.0),
(441, 441, 77.0, 13.0, 125.0, 103.0, 247.0, 278.0, 70.0, 299.0, 70.0, 120.0),
(442, 442, 135.0, 755.0, 111.0, 283.0, 263.0, 125.0, 183.0, 223.0, 298.0, 268.0),
(443, 443, 104.0, 218.0, 210.0, 154.0, 109.0, 276.0, 85.0, 13.0, 295.0, 222.0),
(444, 444, 39.0, 398.0, 174.0, 164.0, 114.0, 223.0, 113.0, 198.0, 8.0, 230.0),
(445, 445, 106.0, 510.0, 61.0, 297.0, 213.0, 164.0, 231.0, 66.0, 205.0, 294.0),
(446, 446, 29.0, 416.0, 23.0, 189.0, 38.0, 298.0, 263.0, 215.0, 121.0, 288.0),
(447, 447, 97.0, 474.0, 162.0, 293.0, 179.0, 182.0, 211.0, 153.0, 288.0, 33.0),
(448, 448, 99.0, 1090.0, 12.0, 163.0, 73.0, 162.0, 300.0, 207.0, 159.0, 24.0),
(449, 449, 69.0, 124.0, 93.0, 79.0, 139.0, 91.0, 3.0, 269.0, 47.0, 84.0),
(450, 450, 141.0, 524.0, 83.0, 237.0, 18.0, 166.0, 215.0, 197.0, 282.0, 144.0),
(451, 451, 21.0, 397.0, 217.0, 257.0, 55.0, 40.0, 170.0, 175.0, 104.0, 73.0),
(452, 452, 79.0, 972.0, 115.0, 97.0, 190.0, 4.0, 205.0, 88.0, 45.0, 240.0),
(453, 453, 7.0, 958.0, 166.0, 2.0, 213.0, 177.0, 57.0, 62.0, 133.0, 252.0),
(454, 454, 13.0, 635.0, 162.0, 91.0, 25.0, 299.0, 215.0, 276.0, 248.0, 149.0),
(455, 455, 34.0, 833.0, 271.0, 194.0, 111.0, 291.0, 6.0, 49.0, 296.0, 125.0),
(456, 456, 60.0, 523.0, 188.0, 294.0, 49.0, 32.0, 83.0, 61.0, 290.0, 100.0),
(457, 457, 34.0, 1358.0, 53.0, 249.0, 279.0, 31.0, 243.0, 215.0, 12.0, 139.0),
(458, 458, 70.0, 335.0, 183.0, 44.0, 115.0, 43.0, 268.0, 2.0, 129.0, 50.0),
(459, 459, 82.0, 606.0, 297.0, 22.0, 106.0, 221.0, 288.0, 29.0, 65.0, 254.0),
(460, 460, 85.0, 285.0, 275.0, 37.0, 51.0, 95.0, 92.0, 260.0, 74.0, 253.0),
(461, 461, 90.0, 902.0, 297.0, 265.0, 157.0, 59.0, 298.0, 3.0, 298.0, 233.0),
(462, 462, 117.0, 1067.0, 117.0, 11.0, 243.0, 69.0, 119.0, 221.0, 30.0, 39.0),
(463, 463, 13.0, 1249.0, 216.0, 90.0, 193.0, 228.0, 17.0, 231.0, 28.0, 233.0),
(464, 464, 51.0, 947.0, 137.0, 228.0, 170.0, 8.0, 285.0, 25.0, 48.0, 262.0),
(465, 465, 70.0, 271.0, 71.0, 174.0, 114.0, 213.0, 163.0, 94.0, 279.0, 284.0),
(466, 466, 145.0, 179.0, 274.0, 188.0, 104.0, 236.0, 295.0, 252.0, 54.0, 38.0),
(467, 467, 81.0, 1177.0, 298.0, 149.0, 281.0, 143.0, 150.0, 277.0, 215.0, 186.0),
(468, 468, 27.0, 640.0, 265.0, 220.0, 219.0, 28.0, 178.0, 100.0, 11.0, 213.0),
(469, 469, 45.0, 555.0, 182.0, 51.0, 252.0, 98.0, 241.0, 273.0, 210.0, 123.0),
(470, 470, 63.0, 621.0, 123.0, 82.0, 251.0, 43.0, 87.0, 109.0, 214.0, 232.0),
(471, 471, 123.0, 779.0, 244.0, 63.0, 109.0, 27.0, 36.0, 284.0, 291.0, 44.0),
(472, 472, 88.0, 1089.0, 67.0, 67.0, 238.0, 277.0, 253.0, 194.0, 210.0, 280.0),
(473, 473, 91.0, 131.0, 80.0, 222.0, 102.0, 240.0, 87.0, 100.0, 209.0, 196.0),
(474, 474, 110.0, 981.0, 246.0, 26.0, 279.0, 169.0, 161.0, 34.0, 197.0, 294.0),
(475, 475, 139.0, 610.0, 256.0, 135.0, 155.0, 271.0, 87.0, 179.0, 66.0, 32.0),
(476, 476, 88.0, 795.0, 238.0, 288.0, 61.0, 141.0, 11.0, 96.0, 280.0, 213.0),
(477, 477, 58.0, 715.0, 11.0, 15.0, 148.0, 274.0, 225.0, 129.0, 139.0, 53.0),
(478, 478, 98.0, 413.0, 172.0, 179.0, 190.0, 55.0, 17.0, 275.0, 130.0, 242.0),
(479, 479, 43.0, 1465.0, 260.0, 104.0, 38.0, 30.0, 31.0, 71.0, 65.0, 231.0),
(480, 480, 69.0, 665.0, 241.0, 29.0, 143.0, 24.0, 224.0, 273.0, 247.0, 227.0),
(481, 481, 112.0, 100.0, 262.0, 1.0, 2.0, 40.0, 107.0, 7.0, 13.0, 121.0),
(482, 482, 147.0, 1240.0, 213.0, 209.0, 88.0, 153.0, 9.0, 253.0, 149.0, 91.0),
(483, 483, 77.0, 24.0, 71.0, 158.0, 271.0, 275.0, 187.0, 252.0, 133.0, 3.0),
(484, 484, 63.0, 1050.0, 84.0, 168.0, 202.0, 100.0, 242.0, 95.0, 73.0, 167.0),
(485, 485, 40.0, 58.0, 152.0, 218.0, 186.0, 155.0, 150.0, 285.0, 230.0, 104.0),
(486, 486, 15.0, 562.0, 141.0, 60.0, 70.0, 156.0, 195.0, 191.0, 43.0, 282.0),
(487, 487, 43.0, 473.0, 32.0, 96.0, 157.0, 162.0, 38.0, 96.0, 188.0, 68.0),
(488, 488, 143.0, 974.0, 224.0, 72.0, 236.0, 232.0, 280.0, 137.0, 40.0, 19.0),
(489, 489, 118.0, 403.0, 54.0, 146.0, 45.0, 255.0, 218.0, 287.0, 272.0, 179.0),
(490, 490, 13.0, 1204.0, 292.0, 256.0, 161.0, 223.0, 229.0, 241.0, 223.0, 172.0),
(491, 491, 21.0, 1365.0, 68.0, 171.0, 143.0, 222.0, 12.0, 45.0, 151.0, 132.0),
(492, 492, 70.0, 893.0, 91.0, 89.0, 65.0, 66.0, 119.0, 280.0, 90.0, 50.0),
(493, 493, 16.0, 1157.0, 276.0, 49.0, 72.0, 161.0, 54.0, 236.0, 49.0, 27.0),
(494, 494, 17.0, 195.0, 134.0, 39.0, 98.0, 3.0, 73.0, 168.0, 196.0, 252.0),
(495, 495, 55.0, 1096.0, 170.0, 121.0, 258.0, 262.0, 128.0, 120.0, 277.0, 117.0),
(496, 496, 141.0, 1060.0, 257.0, 175.0, 256.0, 249.0, 149.0, 286.0, 129.0, 114.0),
(497, 497, 33.0, 1473.0, 14.0, 204.0, 216.0, 4.0, 258.0, 38.0, 32.0, 206.0),
(498, 498, 135.0, 152.0, 162.0, 101.0, 69.0, 85.0, 25.0, 170.0, 52.0, 290.0),
(499, 499, 141.0, 187.0, 79.0, 289.0, 259.0, 12.0, 28.0, 165.0, 207.0, 271.0),
(500, 500, 112.0, 842.0, 54.0, 292.0, 264.0, 251.0, 132.0, 299.0, 227.0, 232.0);

INSERT INTO "WasteData" ("Id", "SurveyId", "FoodWasteKg", "OtherWasteKg", "PlasticWasteKg", "GlassWasteKg", "PaperWasteKg", "MetalWasteKg", "PlasticRecycledPercent", "GlassRecycledPercent", "PaperRecycledPercent", "MetalRecycledPercent") VALUES
(1, 1, 1.2, 1.9, 1.3, 0.6, 2.3, 0.4, 33.0, 48.0, 59.0, 71.0),
(2, 2, 1.3, 1.3, 1.3, 0.4, 3.7, 1.2, 48.0, 58.0, 66.0, 87.0),
(3, 3, 3.8, 1.1, 2.1, 0.9, 1.2, 0.4, 62.0, 54.0, 50.0, 66.0),
(4, 4, 2.5, 5.2, 1.4, 1.7, 2.3, 1.3, 75.0, 73.0, 85.0, 53.0),
(5, 5, 3.8, 1.9, 2.2, 0.9, 2.5, 1.3, 61.0, 83.0, 53.0, 36.0),
(6, 6, 0.7, 1.8, 1.7, 1.3, 1.2, 0.2, 86.0, 78.0, 49.0, 51.0),
(7, 7, 1.0, 3.5, 1.4, 1.0, 1.8, 0.5, 91.0, 63.0, 73.0, 56.0),
(8, 8, 1.6, 4.8, 2.4, 0.7, 3.9, 0.6, 74.0, 43.0, 35.0, 41.0),
(9, 9, 3.2, 4.8, 0.6, 1.8, 3.1, 0.4, 73.0, 37.0, 32.0, 88.0),
(10, 10, 1.3, 1.8, 0.6, 0.7, 1.1, 1.0, 51.0, 45.0, 65.0, 41.0),
(11, 11, 3.7, 5.5, 1.2, 1.5, 3.2, 0.3, 67.0, 44.0, 48.0, 41.0),
(12, 12, 2.4, 2.8, 0.9, 0.5, 1.1, 1.1, 89.0, 84.0, 64.0, 69.0),
(13, 13, 2.5, 5.3, 1.0, 1.5, 3.5, 0.6, 45.0, 51.0, 74.0, 33.0),
(14, 14, 2.4, 5.9, 1.2, 0.6, 1.1, 1.3, 56.0, 52.0, 47.0, 86.0),
(15, 15, 3.5, 3.2, 1.8, 1.4, 3.1, 0.9, 85.0, 46.0, 49.0, 53.0),
(16, 16, 2.1, 4.3, 2.4, 1.4, 1.4, 0.5, 90.0, 68.0, 95.0, 39.0),
(17, 17, 2.7, 4.9, 1.9, 1.5, 1.7, 1.1, 60.0, 39.0, 32.0, 56.0),
(18, 18, 0.7, 4.5, 2.2, 0.9, 1.5, 0.5, 58.0, 54.0, 64.0, 65.0),
(19, 19, 1.7, 2.1, 0.9, 1.3, 2.8, 0.8, 36.0, 94.0, 36.0, 52.0),
(20, 20, 2.9, 2.5, 2.0, 0.4, 2.7, 0.6, 85.0, 34.0, 51.0, 44.0),
(21, 21, 1.2, 6.0, 1.5, 1.7, 3.0, 0.4, 40.0, 89.0, 46.0, 31.0),
(22, 22, 2.3, 4.3, 0.9, 1.5, 1.7, 1.4, 41.0, 42.0, 52.0, 64.0),
(23, 23, 2.7, 1.6, 2.2, 1.4, 3.5, 0.7, 36.0, 43.0, 46.0, 59.0),
(24, 24, 3.2, 3.3, 0.6, 0.9, 3.1, 1.5, 76.0, 64.0, 93.0, 34.0),
(25, 25, 3.0, 5.3, 2.0, 0.7, 1.9, 0.4, 76.0, 48.0, 51.0, 70.0),
(26, 26, 2.1, 1.1, 1.4, 1.0, 2.8, 0.5, 72.0, 47.0, 34.0, 57.0),
(27, 27, 1.0, 5.7, 2.2, 0.4, 1.0, 0.3, 65.0, 50.0, 33.0, 74.0),
(28, 28, 1.4, 3.8, 2.4, 1.4, 3.7, 1.1, 52.0, 48.0, 47.0, 78.0),
(29, 29, 2.1, 5.5, 1.1, 1.7, 1.2, 1.2, 36.0, 70.0, 48.0, 79.0),
(30, 30, 1.4, 2.6, 1.7, 1.4, 3.6, 0.2, 35.0, 79.0, 88.0, 94.0),
(31, 31, 2.6, 2.0, 1.6, 0.7, 1.6, 1.1, 86.0, 69.0, 79.0, 93.0),
(32, 32, 3.3, 2.2, 2.0, 1.4, 3.3, 1.1, 68.0, 48.0, 47.0, 77.0),
(33, 33, 0.7, 2.3, 2.2, 1.0, 3.7, 1.5, 49.0, 44.0, 91.0, 72.0),
(34, 34, 3.5, 2.0, 2.4, 0.4, 3.0, 0.9, 90.0, 47.0, 54.0, 63.0),
(35, 35, 1.6, 1.6, 2.0, 0.8, 3.4, 0.7, 86.0, 53.0, 39.0, 65.0),
(36, 36, 2.0, 5.1, 2.2, 0.7, 3.2, 1.0, 43.0, 44.0, 37.0, 55.0),
(37, 37, 1.4, 2.1, 1.2, 1.5, 2.0, 0.7, 71.0, 44.0, 59.0, 54.0),
(38, 38, 3.9, 3.3, 1.3, 1.1, 3.6, 1.0, 48.0, 52.0, 90.0, 68.0),
(39, 39, 2.1, 3.8, 0.6, 0.5, 1.4, 1.5, 87.0, 78.0, 41.0, 76.0),
(40, 40, 2.4, 2.3, 0.6, 1.3, 2.3, 0.8, 59.0, 78.0, 85.0, 76.0),
(41, 41, 1.9, 4.0, 0.8, 1.7, 3.7, 0.8, 87.0, 73.0, 92.0, 39.0),
(42, 42, 1.2, 1.0, 0.8, 1.2, 1.6, 1.4, 36.0, 43.0, 36.0, 91.0),
(43, 43, 0.7, 3.6, 2.5, 1.2, 2.1, 0.3, 74.0, 63.0, 87.0, 40.0),
(44, 44, 3.9, 5.7, 1.3, 0.8, 2.3, 1.0, 83.0, 37.0, 36.0, 66.0),
(45, 45, 3.3, 3.1, 2.3, 0.4, 2.2, 0.7, 87.0, 67.0, 91.0, 32.0),
(46, 46, 1.9, 3.2, 0.7, 0.8, 2.0, 1.1, 42.0, 88.0, 45.0, 95.0),
(47, 47, 0.6, 3.3, 1.7, 0.8, 3.4, 0.2, 36.0, 57.0, 63.0, 72.0),
(48, 48, 3.9, 1.1, 1.4, 1.4, 2.2, 0.4, 55.0, 84.0, 49.0, 49.0),
(49, 49, 1.8, 5.9, 2.3, 1.3, 2.3, 1.5, 49.0, 73.0, 84.0, 65.0),
(50, 50, 0.7, 3.9, 1.0, 1.4, 4.0, 0.4, 93.0, 74.0, 73.0, 30.0),
(51, 51, 3.9, 2.5, 1.9, 0.4, 3.0, 1.5, 89.0, 80.0, 49.0, 84.0),
(52, 52, 1.5, 1.5, 1.2, 1.7, 3.1, 1.5, 92.0, 73.0, 65.0, 75.0),
(53, 53, 1.8, 3.4, 2.2, 0.4, 1.5, 0.7, 35.0, 53.0, 64.0, 82.0),
(54, 54, 1.8, 2.9, 1.3, 0.7, 1.8, 0.4, 33.0, 65.0, 78.0, 77.0),
(55, 55, 0.9, 2.8, 1.4, 1.3, 2.8, 0.6, 91.0, 91.0, 40.0, 75.0),
(56, 56, 2.1, 4.4, 2.2, 1.3, 3.0, 0.3, 85.0, 49.0, 42.0, 52.0),
(57, 57, 0.6, 2.3, 0.6, 0.7, 3.6, 0.7, 54.0, 53.0, 87.0, 45.0),
(58, 58, 1.2, 5.2, 0.5, 1.5, 2.5, 1.2, 37.0, 88.0, 81.0, 46.0),
(59, 59, 2.9, 4.7, 1.1, 0.3, 2.8, 0.7, 57.0, 60.0, 77.0, 66.0),
(60, 60, 1.8, 3.2, 1.3, 1.0, 1.7, 1.2, 75.0, 66.0, 68.0, 72.0),
(61, 61, 2.5, 1.3, 0.8, 1.5, 3.8, 0.7, 85.0, 36.0, 85.0, 65.0),
(62, 62, 0.8, 5.3, 0.9, 1.1, 2.0, 1.4, 59.0, 77.0, 34.0, 72.0),
(63, 63, 3.0, 3.2, 2.3, 1.3, 1.9, 0.9, 80.0, 70.0, 64.0, 82.0),
(64, 64, 3.9, 2.7, 1.4, 0.7, 2.3, 1.4, 37.0, 42.0, 47.0, 62.0),
(65, 65, 2.0, 2.4, 1.3, 0.9, 1.2, 1.2, 78.0, 37.0, 62.0, 83.0),
(66, 66, 1.0, 5.3, 1.3, 1.0, 3.5, 0.5, 82.0, 86.0, 66.0, 78.0),
(67, 67, 2.5, 2.8, 1.5, 1.4, 2.0, 0.3, 70.0, 64.0, 34.0, 84.0),
(68, 68, 1.6, 2.1, 1.1, 0.4, 2.3, 0.2, 83.0, 85.0, 35.0, 45.0),
(69, 69, 0.8, 3.5, 0.6, 0.5, 2.0, 0.3, 54.0, 62.0, 62.0, 59.0),
(70, 70, 1.7, 1.9, 1.3, 1.6, 2.1, 0.8, 36.0, 92.0, 33.0, 50.0),
(71, 71, 1.9, 1.0, 1.8, 1.2, 3.5, 0.3, 94.0, 78.0, 62.0, 64.0),
(72, 72, 2.7, 4.3, 1.9, 0.4, 1.5, 1.3, 50.0, 84.0, 54.0, 34.0),
(73, 73, 2.1, 1.0, 0.6, 1.6, 2.4, 0.3, 31.0, 38.0, 47.0, 65.0),
(74, 74, 1.7, 1.5, 1.5, 1.6, 1.4, 0.7, 85.0, 57.0, 64.0, 77.0),
(75, 75, 2.2, 3.0, 0.7, 1.4, 2.8, 0.2, 81.0, 57.0, 46.0, 53.0),
(76, 76, 3.0, 2.7, 1.4, 1.2, 1.2, 0.9, 79.0, 80.0, 56.0, 88.0),
(77, 77, 2.9, 3.9, 0.7, 0.9, 2.7, 1.3, 71.0, 72.0, 88.0, 31.0),
(78, 78, 2.1, 5.7, 1.4, 1.7, 2.7, 0.5, 88.0, 69.0, 86.0, 67.0),
(79, 79, 3.4, 1.7, 1.5, 1.7, 3.3, 1.5, 64.0, 67.0, 48.0, 89.0),
(80, 80, 0.8, 2.0, 1.1, 1.1, 3.4, 0.5, 37.0, 85.0, 77.0, 81.0),
(81, 81, 1.9, 2.0, 1.3, 0.9, 2.3, 1.4, 79.0, 56.0, 35.0, 85.0),
(82, 82, 1.3, 3.8, 2.5, 0.5, 3.0, 0.9, 95.0, 33.0, 77.0, 78.0),
(83, 83, 3.3, 3.1, 1.1, 1.1, 3.7, 0.4, 62.0, 89.0, 44.0, 58.0),
(84, 84, 1.6, 4.2, 0.7, 1.5, 3.5, 0.4, 57.0, 38.0, 81.0, 76.0),
(85, 85, 1.5, 5.4, 2.1, 1.2, 1.6, 0.4, 64.0, 80.0, 55.0, 76.0),
(86, 86, 2.9, 5.2, 1.0, 0.5, 2.2, 1.1, 82.0, 92.0, 87.0, 66.0),
(87, 87, 0.6, 3.4, 1.1, 0.8, 2.3, 0.6, 56.0, 78.0, 95.0, 60.0),
(88, 88, 2.6, 5.3, 1.2, 1.3, 1.4, 0.7, 47.0, 88.0, 91.0, 85.0),
(89, 89, 3.8, 1.6, 2.0, 1.1, 1.7, 1.5, 44.0, 73.0, 53.0, 38.0),
(90, 90, 2.5, 4.3, 0.7, 0.8, 3.3, 1.4, 62.0, 59.0, 60.0, 41.0),
(91, 91, 1.2, 4.1, 1.5, 0.9, 3.7, 1.4, 82.0, 30.0, 83.0, 57.0),
(92, 92, 2.2, 4.1, 1.9, 0.9, 1.1, 1.1, 73.0, 34.0, 73.0, 49.0),
(93, 93, 1.4, 5.8, 1.4, 1.2, 2.3, 0.4, 74.0, 54.0, 94.0, 32.0),
(94, 94, 3.8, 5.9, 2.1, 0.8, 1.9, 1.0, 34.0, 62.0, 87.0, 45.0),
(95, 95, 2.5, 2.7, 0.9, 1.0, 2.7, 0.3, 77.0, 77.0, 40.0, 73.0),
(96, 96, 1.5, 2.2, 1.1, 1.0, 2.8, 1.4, 68.0, 83.0, 48.0, 61.0),
(97, 97, 1.3, 5.7, 1.1, 0.6, 1.2, 0.6, 69.0, 32.0, 75.0, 79.0),
(98, 98, 2.9, 2.9, 2.0, 1.4, 1.5, 0.7, 94.0, 83.0, 92.0, 56.0),
(99, 99, 2.3, 2.7, 0.9, 1.7, 2.2, 1.3, 90.0, 42.0, 82.0, 87.0),
(100, 100, 0.8, 5.0, 1.7, 1.8, 2.9, 0.8, 58.0, 54.0, 70.0, 61.0),
(101, 101, 3.0, 5.7, 1.4, 1.7, 1.7, 1.4, 68.0, 54.0, 53.0, 44.0),
(102, 102, 1.2, 3.9, 1.7, 1.7, 1.3, 0.6, 63.0, 35.0, 36.0, 57.0),
(103, 103, 2.5, 3.0, 2.2, 1.3, 1.3, 1.0, 37.0, 41.0, 41.0, 39.0),
(104, 104, 1.7, 5.0, 1.2, 1.2, 3.2, 1.4, 95.0, 89.0, 83.0, 64.0),
(105, 105, 3.9, 2.4, 2.2, 0.6, 1.1, 0.8, 63.0, 43.0, 76.0, 43.0),
(106, 106, 3.2, 1.7, 2.3, 1.4, 3.1, 1.4, 78.0, 53.0, 38.0, 54.0),
(107, 107, 3.6, 5.7, 0.9, 0.9, 3.3, 0.5, 79.0, 51.0, 44.0, 92.0),
(108, 108, 2.5, 5.4, 1.4, 0.8, 2.3, 1.1, 62.0, 93.0, 66.0, 41.0),
(109, 109, 1.9, 4.9, 1.9, 0.8, 2.1, 0.4, 76.0, 63.0, 74.0, 47.0),
(110, 110, 2.4, 3.0, 0.9, 0.8, 1.6, 0.8, 88.0, 52.0, 61.0, 33.0),
(111, 111, 3.4, 2.8, 1.9, 0.8, 2.0, 1.1, 34.0, 43.0, 86.0, 92.0),
(112, 112, 3.0, 3.9, 2.5, 1.7, 2.9, 1.1, 62.0, 60.0, 59.0, 86.0),
(113, 113, 2.1, 5.8, 2.0, 1.3, 2.4, 1.1, 71.0, 40.0, 36.0, 38.0),
(114, 114, 1.4, 5.7, 2.0, 0.4, 3.2, 1.4, 75.0, 90.0, 74.0, 81.0),
(115, 115, 1.2, 1.3, 1.1, 0.5, 3.6, 0.6, 62.0, 85.0, 58.0, 55.0),
(116, 116, 2.4, 2.6, 1.0, 0.6, 3.8, 1.4, 40.0, 55.0, 82.0, 68.0),
(117, 117, 1.6, 2.3, 0.6, 0.7, 1.2, 1.4, 74.0, 65.0, 65.0, 76.0),
(118, 118, 1.9, 4.5, 2.1, 1.8, 3.1, 0.4, 95.0, 94.0, 82.0, 35.0),
(119, 119, 3.3, 3.9, 1.7, 1.7, 2.2, 1.1, 32.0, 33.0, 77.0, 85.0),
(120, 120, 1.4, 4.7, 1.9, 1.5, 1.8, 0.7, 46.0, 70.0, 43.0, 87.0),
(121, 121, 1.2, 2.5, 2.2, 0.7, 2.3, 1.2, 46.0, 86.0, 40.0, 92.0),
(122, 122, 2.7, 3.1, 1.5, 0.9, 2.4, 0.7, 42.0, 35.0, 83.0, 72.0),
(123, 123, 3.5, 5.4, 0.7, 0.6, 2.4, 0.5, 94.0, 93.0, 46.0, 38.0),
(124, 124, 3.0, 3.6, 0.6, 0.7, 2.0, 0.3, 91.0, 87.0, 91.0, 95.0),
(125, 125, 2.2, 5.1, 1.2, 1.8, 3.4, 0.5, 57.0, 81.0, 92.0, 53.0),
(126, 126, 3.1, 2.5, 2.4, 1.2, 1.2, 1.2, 57.0, 69.0, 58.0, 76.0),
(127, 127, 2.8, 5.4, 1.5, 0.6, 1.1, 0.8, 40.0, 94.0, 70.0, 57.0),
(128, 128, 2.4, 5.7, 1.3, 1.4, 1.7, 0.9, 86.0, 79.0, 43.0, 95.0),
(129, 129, 1.8, 6.0, 0.9, 0.7, 2.3, 0.8, 85.0, 63.0, 55.0, 31.0),
(130, 130, 0.8, 2.6, 1.2, 1.2, 3.0, 0.4, 77.0, 72.0, 39.0, 47.0),
(131, 131, 2.6, 1.7, 0.6, 1.1, 1.8, 0.7, 61.0, 56.0, 73.0, 50.0),
(132, 132, 2.7, 4.6, 0.7, 1.1, 1.8, 1.3, 35.0, 33.0, 46.0, 67.0),
(133, 133, 2.2, 1.6, 2.1, 0.8, 3.8, 0.5, 49.0, 91.0, 77.0, 59.0),
(134, 134, 3.3, 1.1, 2.4, 1.5, 2.5, 1.1, 33.0, 33.0, 43.0, 45.0),
(135, 135, 3.7, 3.1, 0.7, 1.6, 3.4, 1.1, 92.0, 36.0, 95.0, 93.0),
(136, 136, 3.1, 2.9, 1.3, 0.6, 2.9, 1.4, 36.0, 36.0, 73.0, 56.0),
(137, 137, 3.7, 4.5, 0.5, 0.5, 2.3, 1.0, 66.0, 76.0, 78.0, 54.0),
(138, 138, 3.5, 3.9, 1.3, 1.5, 3.8, 0.8, 45.0, 39.0, 95.0, 31.0),
(139, 139, 1.4, 1.4, 1.0, 1.1, 1.1, 1.3, 90.0, 42.0, 31.0, 44.0),
(140, 140, 2.7, 2.2, 2.4, 1.5, 1.8, 1.5, 88.0, 75.0, 78.0, 84.0),
(141, 141, 2.3, 6.0, 0.7, 1.6, 1.3, 0.7, 59.0, 63.0, 63.0, 80.0),
(142, 142, 1.6, 2.5, 1.6, 1.6, 1.2, 1.4, 59.0, 81.0, 66.0, 31.0),
(143, 143, 1.7, 5.9, 0.8, 0.9, 3.1, 1.1, 72.0, 74.0, 66.0, 37.0),
(144, 144, 1.0, 2.8, 1.2, 1.7, 1.3, 0.5, 38.0, 90.0, 39.0, 56.0),
(145, 145, 1.4, 5.3, 1.1, 0.5, 3.2, 1.2, 44.0, 45.0, 94.0, 82.0),
(146, 146, 3.3, 5.3, 0.8, 1.7, 3.3, 1.1, 39.0, 70.0, 70.0, 88.0),
(147, 147, 3.8, 2.3, 2.3, 1.4, 4.0, 0.6, 76.0, 37.0, 60.0, 40.0),
(148, 148, 2.7, 1.6, 2.5, 1.8, 1.5, 0.9, 86.0, 56.0, 80.0, 57.0),
(149, 149, 2.5, 5.8, 1.7, 1.4, 1.8, 0.5, 34.0, 41.0, 46.0, 79.0),
(150, 150, 1.8, 3.3, 1.2, 0.6, 3.8, 0.4, 75.0, 58.0, 39.0, 47.0),
(151, 151, 2.1, 5.7, 1.6, 1.0, 1.1, 1.1, 55.0, 75.0, 77.0, 44.0),
(152, 152, 3.3, 3.8, 0.8, 1.5, 1.5, 1.0, 42.0, 50.0, 57.0, 60.0),
(153, 153, 3.1, 2.0, 1.5, 0.5, 2.2, 1.1, 57.0, 66.0, 86.0, 52.0),
(154, 154, 0.9, 5.4, 1.6, 0.5, 2.6, 1.4, 50.0, 45.0, 40.0, 87.0),
(155, 155, 3.0, 1.3, 0.8, 1.6, 2.2, 0.6, 48.0, 36.0, 30.0, 95.0),
(156, 156, 3.0, 4.4, 2.4, 1.3, 3.5, 0.5, 61.0, 69.0, 55.0, 71.0),
(157, 157, 1.0, 2.1, 2.0, 1.0, 3.3, 0.3, 85.0, 38.0, 72.0, 38.0),
(158, 158, 2.7, 2.5, 0.6, 1.3, 1.6, 0.3, 72.0, 51.0, 47.0, 42.0),
(159, 159, 2.6, 4.6, 2.2, 1.7, 1.7, 0.5, 44.0, 76.0, 67.0, 64.0),
(160, 160, 1.4, 1.6, 2.1, 1.2, 3.4, 1.0, 90.0, 40.0, 85.0, 53.0),
(161, 161, 1.2, 3.8, 2.1, 1.6, 3.4, 0.3, 95.0, 38.0, 80.0, 43.0),
(162, 162, 2.5, 5.4, 0.8, 0.8, 1.2, 0.7, 94.0, 45.0, 36.0, 52.0),
(163, 163, 1.6, 4.1, 1.1, 1.6, 3.8, 0.9, 93.0, 94.0, 37.0, 75.0),
(164, 164, 1.1, 3.8, 0.9, 0.3, 2.3, 1.1, 81.0, 64.0, 87.0, 81.0),
(165, 165, 0.8, 1.0, 1.8, 0.9, 1.6, 0.9, 86.0, 54.0, 44.0, 65.0),
(166, 166, 1.3, 2.1, 0.5, 1.2, 3.2, 0.4, 56.0, 34.0, 55.0, 85.0),
(167, 167, 3.4, 6.0, 0.9, 0.9, 2.5, 1.4, 85.0, 84.0, 93.0, 57.0),
(168, 168, 3.1, 1.3, 0.9, 1.3, 3.3, 1.4, 83.0, 77.0, 74.0, 92.0),
(169, 169, 3.9, 1.4, 1.8, 1.3, 1.8, 1.2, 32.0, 56.0, 38.0, 50.0),
(170, 170, 3.9, 1.3, 1.9, 1.3, 1.3, 0.7, 40.0, 34.0, 46.0, 87.0),
(171, 171, 1.4, 6.0, 1.4, 0.5, 1.9, 0.8, 34.0, 72.0, 94.0, 92.0),
(172, 172, 2.7, 4.5, 1.1, 1.1, 1.3, 1.5, 43.0, 46.0, 63.0, 81.0),
(173, 173, 1.1, 2.0, 2.1, 1.1, 2.3, 0.9, 45.0, 63.0, 81.0, 81.0),
(174, 174, 0.7, 4.4, 1.1, 0.4, 1.9, 0.5, 79.0, 72.0, 89.0, 64.0),
(175, 175, 3.8, 3.3, 1.3, 0.7, 3.3, 0.7, 47.0, 39.0, 51.0, 78.0),
(176, 176, 3.6, 1.3, 0.7, 1.8, 3.5, 1.1, 80.0, 31.0, 52.0, 47.0),
(177, 177, 2.0, 4.0, 2.1, 0.9, 4.0, 0.6, 59.0, 72.0, 71.0, 79.0),
(178, 178, 1.8, 4.6, 0.9, 0.5, 3.4, 0.9, 75.0, 83.0, 86.0, 90.0),
(179, 179, 2.5, 5.8, 1.0, 0.8, 2.9, 0.8, 73.0, 48.0, 42.0, 52.0),
(180, 180, 1.5, 2.9, 1.1, 1.6, 2.1, 1.4, 48.0, 59.0, 50.0, 83.0),
(181, 181, 1.5, 2.5, 2.0, 1.1, 1.4, 1.3, 47.0, 68.0, 73.0, 39.0),
(182, 182, 2.6, 2.2, 1.9, 0.7, 1.7, 0.6, 44.0, 95.0, 61.0, 79.0),
(183, 183, 1.6, 4.1, 1.1, 1.8, 3.2, 1.1, 78.0, 76.0, 30.0, 92.0),
(184, 184, 2.7, 5.5, 1.7, 1.6, 1.5, 1.0, 84.0, 61.0, 91.0, 66.0),
(185, 185, 3.2, 4.7, 1.9, 1.6, 1.2, 0.4, 57.0, 49.0, 53.0, 87.0),
(186, 186, 1.0, 2.2, 1.6, 1.7, 2.3, 1.1, 74.0, 71.0, 58.0, 75.0),
(187, 187, 0.5, 2.8, 1.8, 0.7, 2.1, 0.8, 54.0, 44.0, 87.0, 35.0),
(188, 188, 1.8, 5.1, 2.3, 1.4, 1.3, 1.2, 86.0, 30.0, 69.0, 53.0),
(189, 189, 1.8, 4.4, 2.0, 0.8, 1.1, 0.7, 39.0, 56.0, 66.0, 44.0),
(190, 190, 1.0, 5.9, 2.4, 0.5, 2.6, 0.2, 47.0, 75.0, 51.0, 33.0),
(191, 191, 1.8, 1.1, 1.8, 0.5, 1.9, 0.3, 30.0, 40.0, 40.0, 77.0),
(192, 192, 1.8, 5.6, 1.9, 1.3, 2.4, 1.1, 89.0, 69.0, 92.0, 80.0),
(193, 193, 1.9, 5.9, 1.4, 1.4, 2.8, 1.0, 95.0, 78.0, 50.0, 44.0),
(194, 194, 2.0, 3.9, 1.5, 0.7, 1.3, 1.2, 46.0, 68.0, 79.0, 68.0),
(195, 195, 3.0, 4.9, 2.1, 1.2, 1.7, 0.7, 64.0, 81.0, 39.0, 66.0),
(196, 196, 4.0, 2.5, 2.5, 1.8, 3.2, 0.9, 85.0, 36.0, 31.0, 37.0),
(197, 197, 2.4, 5.2, 1.1, 1.1, 1.1, 1.4, 61.0, 67.0, 51.0, 31.0),
(198, 198, 0.9, 2.2, 0.8, 1.2, 2.9, 0.4, 72.0, 71.0, 60.0, 44.0),
(199, 199, 3.2, 2.6, 1.6, 1.3, 1.9, 1.2, 59.0, 48.0, 93.0, 58.0),
(200, 200, 0.5, 1.9, 1.4, 0.6, 2.2, 0.7, 82.0, 64.0, 60.0, 91.0),
(201, 201, 3.5, 4.7, 1.4, 0.5, 2.9, 0.8, 56.0, 61.0, 84.0, 69.0),
(202, 202, 3.6, 3.5, 1.4, 0.4, 2.3, 1.4, 49.0, 82.0, 92.0, 55.0),
(203, 203, 1.5, 3.9, 1.4, 1.6, 2.2, 1.3, 39.0, 67.0, 72.0, 90.0),
(204, 204, 1.0, 5.7, 0.8, 1.2, 2.7, 0.4, 75.0, 46.0, 77.0, 80.0),
(205, 205, 1.3, 2.6, 1.9, 1.2, 2.8, 0.5, 82.0, 57.0, 74.0, 91.0),
(206, 206, 2.8, 3.3, 1.7, 0.9, 2.3, 0.9, 40.0, 43.0, 38.0, 32.0),
(207, 207, 1.3, 2.0, 2.5, 0.7, 2.6, 0.3, 90.0, 73.0, 31.0, 34.0),
(208, 208, 3.4, 1.0, 1.7, 1.3, 3.2, 1.1, 31.0, 37.0, 40.0, 67.0),
(209, 209, 2.5, 1.6, 0.8, 1.2, 2.4, 1.1, 72.0, 63.0, 52.0, 30.0),
(210, 210, 3.9, 1.3, 2.3, 0.4, 2.8, 1.4, 56.0, 92.0, 39.0, 82.0),
(211, 211, 1.4, 3.6, 2.0, 0.6, 1.7, 0.5, 41.0, 68.0, 53.0, 60.0),
(212, 212, 2.1, 5.2, 2.3, 0.9, 1.9, 0.2, 46.0, 69.0, 73.0, 44.0),
(213, 213, 0.6, 4.1, 1.2, 1.2, 3.9, 1.3, 52.0, 79.0, 40.0, 53.0),
(214, 214, 0.5, 1.9, 1.1, 1.6, 3.0, 0.2, 51.0, 46.0, 73.0, 92.0),
(215, 215, 0.8, 3.3, 1.4, 0.8, 3.3, 1.5, 67.0, 44.0, 36.0, 32.0),
(216, 216, 3.3, 3.5, 2.2, 0.6, 2.5, 0.4, 40.0, 53.0, 34.0, 61.0),
(217, 217, 1.5, 3.9, 1.7, 1.0, 1.8, 0.8, 67.0, 81.0, 87.0, 54.0),
(218, 218, 3.2, 1.4, 1.1, 0.3, 4.0, 0.5, 78.0, 91.0, 40.0, 40.0),
(219, 219, 1.3, 3.6, 1.4, 0.9, 2.5, 0.5, 37.0, 35.0, 90.0, 81.0),
(220, 220, 0.7, 3.1, 1.8, 1.0, 3.3, 1.3, 67.0, 31.0, 73.0, 62.0),
(221, 221, 2.0, 3.0, 2.2, 1.1, 3.4, 0.9, 82.0, 90.0, 80.0, 94.0),
(222, 222, 0.5, 3.7, 1.2, 0.8, 2.3, 0.7, 44.0, 94.0, 30.0, 95.0),
(223, 223, 2.9, 3.8, 0.6, 0.4, 2.7, 1.3, 71.0, 45.0, 65.0, 33.0),
(224, 224, 2.3, 3.9, 2.3, 1.0, 2.2, 0.9, 36.0, 90.0, 81.0, 73.0),
(225, 225, 2.5, 2.0, 0.9, 0.8, 2.2, 1.0, 46.0, 62.0, 80.0, 58.0),
(226, 226, 3.9, 3.6, 0.6, 0.9, 3.9, 0.7, 33.0, 58.0, 70.0, 69.0),
(227, 227, 3.7, 5.0, 1.1, 0.8, 2.0, 1.1, 44.0, 77.0, 30.0, 52.0),
(228, 228, 3.7, 2.3, 2.5, 1.0, 2.3, 0.4, 58.0, 43.0, 80.0, 57.0),
(229, 229, 0.9, 4.1, 0.5, 0.9, 3.7, 1.4, 93.0, 31.0, 78.0, 58.0),
(230, 230, 1.4, 4.3, 1.4, 1.5, 1.5, 1.0, 61.0, 76.0, 89.0, 38.0),
(231, 231, 1.4, 3.4, 1.9, 1.3, 2.5, 1.1, 71.0, 39.0, 31.0, 46.0),
(232, 232, 1.9, 4.6, 1.2, 1.8, 3.9, 1.4, 85.0, 63.0, 66.0, 39.0),
(233, 233, 2.3, 1.4, 1.0, 1.1, 2.2, 0.4, 64.0, 74.0, 81.0, 80.0),
(234, 234, 2.1, 4.8, 1.9, 1.3, 3.1, 0.3, 81.0, 32.0, 37.0, 62.0),
(235, 235, 0.7, 2.2, 2.3, 0.4, 3.1, 0.7, 76.0, 79.0, 53.0, 48.0),
(236, 236, 2.8, 3.4, 1.7, 1.6, 3.1, 1.1, 86.0, 47.0, 78.0, 73.0),
(237, 237, 3.0, 3.7, 1.7, 1.7, 3.4, 0.3, 37.0, 51.0, 59.0, 71.0),
(238, 238, 3.6, 1.4, 0.6, 0.8, 1.5, 0.7, 42.0, 49.0, 31.0, 81.0),
(239, 239, 1.8, 2.7, 1.7, 1.6, 1.7, 0.4, 34.0, 57.0, 87.0, 87.0),
(240, 240, 0.8, 4.0, 0.9, 1.8, 4.0, 1.4, 33.0, 89.0, 37.0, 76.0),
(241, 241, 2.9, 2.3, 1.2, 0.9, 3.5, 0.7, 61.0, 46.0, 53.0, 54.0),
(242, 242, 3.3, 1.5, 0.6, 1.7, 3.7, 0.9, 64.0, 44.0, 69.0, 82.0),
(243, 243, 1.8, 5.6, 2.3, 1.6, 1.5, 0.2, 68.0, 85.0, 72.0, 37.0),
(244, 244, 3.8, 2.5, 0.9, 0.4, 1.9, 1.4, 41.0, 82.0, 78.0, 90.0),
(245, 245, 0.9, 4.2, 2.4, 1.5, 1.1, 0.4, 92.0, 61.0, 78.0, 91.0),
(246, 246, 3.6, 1.7, 1.9, 1.4, 2.8, 0.9, 31.0, 75.0, 46.0, 53.0),
(247, 247, 0.9, 3.0, 0.8, 1.1, 3.0, 0.6, 67.0, 92.0, 79.0, 42.0),
(248, 248, 3.0, 3.0, 2.1, 0.4, 1.3, 0.8, 38.0, 93.0, 34.0, 64.0),
(249, 249, 0.5, 2.7, 2.5, 1.4, 3.4, 0.6, 51.0, 90.0, 35.0, 48.0),
(250, 250, 2.0, 3.3, 1.3, 1.5, 1.5, 1.4, 49.0, 82.0, 87.0, 79.0),
(251, 251, 3.0, 3.3, 2.2, 1.4, 3.8, 1.1, 41.0, 73.0, 73.0, 90.0),
(252, 252, 2.3, 3.9, 1.1, 0.6, 2.8, 0.5, 55.0, 51.0, 43.0, 73.0),
(253, 253, 2.3, 1.8, 1.7, 1.7, 1.8, 0.9, 87.0, 51.0, 53.0, 53.0),
(254, 254, 2.2, 2.2, 1.2, 1.4, 2.5, 0.9, 38.0, 84.0, 92.0, 40.0),
(255, 255, 1.4, 1.9, 1.9, 1.5, 1.4, 0.9, 71.0, 39.0, 88.0, 90.0),
(256, 256, 2.1, 2.2, 0.8, 1.5, 2.4, 0.5, 43.0, 77.0, 58.0, 60.0),
(257, 257, 2.5, 4.6, 1.7, 1.7, 1.5, 0.6, 37.0, 59.0, 51.0, 50.0),
(258, 258, 1.5, 1.1, 2.3, 0.5, 3.0, 0.9, 58.0, 48.0, 92.0, 75.0),
(259, 259, 3.0, 1.8, 0.9, 1.6, 3.8, 1.1, 30.0, 48.0, 57.0, 69.0),
(260, 260, 1.7, 4.8, 1.6, 1.7, 2.2, 1.2, 88.0, 74.0, 52.0, 88.0),
(261, 261, 2.7, 1.1, 1.8, 0.8, 1.6, 0.4, 73.0, 92.0, 36.0, 32.0),
(262, 262, 3.9, 1.8, 1.1, 1.3, 1.5, 1.3, 64.0, 76.0, 42.0, 37.0),
(263, 263, 1.5, 2.6, 1.4, 1.3, 3.5, 1.0, 35.0, 31.0, 83.0, 56.0),
(264, 264, 2.3, 3.4, 1.9, 1.4, 1.7, 1.1, 68.0, 55.0, 60.0, 83.0),
(265, 265, 1.3, 4.7, 0.7, 0.7, 2.8, 0.8, 69.0, 60.0, 88.0, 32.0),
(266, 266, 2.6, 2.0, 2.1, 0.6, 2.4, 1.0, 72.0, 68.0, 49.0, 81.0),
(267, 267, 1.0, 1.4, 0.5, 1.1, 1.6, 0.3, 59.0, 44.0, 41.0, 52.0),
(268, 268, 1.1, 2.8, 1.1, 1.2, 1.9, 0.3, 45.0, 82.0, 31.0, 37.0),
(269, 269, 2.5, 3.4, 1.0, 0.6, 2.2, 1.3, 53.0, 95.0, 51.0, 51.0),
(270, 270, 3.0, 4.8, 2.2, 1.7, 1.1, 0.3, 58.0, 72.0, 71.0, 45.0),
(271, 271, 2.8, 2.6, 1.0, 0.5, 3.9, 0.4, 65.0, 72.0, 47.0, 61.0),
(272, 272, 1.4, 4.2, 2.2, 1.0, 3.6, 1.2, 80.0, 39.0, 51.0, 40.0),
(273, 273, 0.7, 5.6, 1.5, 1.5, 2.6, 1.0, 79.0, 83.0, 58.0, 36.0),
(274, 274, 2.5, 4.5, 1.0, 0.9, 1.1, 1.0, 47.0, 91.0, 47.0, 56.0),
(275, 275, 3.0, 4.1, 1.4, 1.4, 2.0, 1.4, 66.0, 33.0, 60.0, 52.0),
(276, 276, 1.9, 3.6, 0.6, 1.4, 3.3, 0.2, 79.0, 87.0, 85.0, 76.0),
(277, 277, 3.5, 2.4, 1.3, 0.4, 1.1, 0.4, 85.0, 49.0, 78.0, 64.0),
(278, 278, 3.5, 1.6, 1.1, 0.5, 1.7, 1.4, 55.0, 74.0, 35.0, 59.0),
(279, 279, 3.3, 3.1, 2.2, 0.6, 1.0, 0.9, 38.0, 80.0, 78.0, 73.0),
(280, 280, 3.7, 5.5, 2.1, 0.8, 1.7, 1.5, 58.0, 88.0, 83.0, 83.0),
(281, 281, 1.3, 3.6, 1.0, 1.7, 1.6, 1.1, 83.0, 87.0, 62.0, 67.0),
(282, 282, 2.1, 5.0, 0.6, 1.2, 3.6, 0.3, 74.0, 61.0, 48.0, 37.0),
(283, 283, 2.5, 5.8, 2.2, 1.4, 3.5, 1.1, 76.0, 45.0, 81.0, 72.0),
(284, 284, 1.3, 1.7, 1.7, 0.7, 3.2, 1.5, 51.0, 75.0, 94.0, 36.0),
(285, 285, 3.3, 2.7, 1.9, 1.2, 2.7, 1.4, 70.0, 35.0, 88.0, 88.0),
(286, 286, 0.6, 1.6, 1.1, 1.6, 1.1, 1.4, 85.0, 79.0, 70.0, 50.0),
(287, 287, 3.6, 3.1, 1.9, 1.3, 2.1, 0.6, 38.0, 77.0, 57.0, 87.0),
(288, 288, 2.0, 1.7, 0.9, 1.6, 3.3, 0.9, 55.0, 59.0, 66.0, 32.0),
(289, 289, 3.0, 2.2, 1.9, 0.7, 1.6, 0.6, 36.0, 45.0, 49.0, 47.0),
(290, 290, 2.5, 1.8, 1.4, 0.9, 2.6, 0.9, 40.0, 81.0, 84.0, 54.0),
(291, 291, 0.5, 1.0, 1.7, 1.7, 1.7, 1.4, 47.0, 69.0, 72.0, 58.0),
(292, 292, 2.4, 3.6, 1.4, 0.6, 1.4, 0.6, 58.0, 60.0, 65.0, 71.0),
(293, 293, 2.4, 2.4, 1.7, 0.4, 2.9, 1.1, 51.0, 56.0, 34.0, 93.0),
(294, 294, 1.4, 5.5, 2.0, 1.0, 3.0, 1.1, 35.0, 31.0, 89.0, 46.0),
(295, 295, 2.0, 2.0, 1.2, 1.6, 2.0, 0.9, 47.0, 37.0, 53.0, 76.0),
(296, 296, 3.7, 3.9, 1.3, 0.5, 3.9, 1.2, 90.0, 59.0, 41.0, 43.0),
(297, 297, 3.3, 2.6, 2.2, 0.9, 3.9, 1.1, 50.0, 49.0, 44.0, 62.0),
(298, 298, 1.3, 5.9, 1.4, 1.6, 3.5, 1.1, 74.0, 53.0, 81.0, 82.0),
(299, 299, 1.5, 4.8, 1.7, 1.1, 3.7, 0.2, 49.0, 47.0, 45.0, 78.0),
(300, 300, 1.3, 4.7, 0.5, 0.9, 1.0, 0.4, 48.0, 78.0, 51.0, 31.0),
(301, 301, 1.0, 3.9, 2.1, 1.3, 2.8, 0.8, 47.0, 70.0, 92.0, 90.0),
(302, 302, 3.8, 4.6, 0.8, 1.5, 1.4, 1.0, 57.0, 58.0, 73.0, 51.0),
(303, 303, 2.0, 3.1, 2.1, 0.7, 2.9, 0.4, 58.0, 88.0, 93.0, 39.0),
(304, 304, 2.7, 3.1, 1.9, 1.3, 2.9, 1.4, 59.0, 75.0, 92.0, 93.0),
(305, 305, 3.1, 2.5, 0.6, 1.0, 3.0, 0.7, 64.0, 56.0, 83.0, 64.0),
(306, 306, 3.2, 2.3, 2.1, 0.7, 3.9, 1.2, 42.0, 83.0, 77.0, 63.0),
(307, 307, 0.6, 1.9, 0.5, 1.0, 1.6, 0.7, 69.0, 92.0, 72.0, 38.0),
(308, 308, 3.7, 5.7, 1.2, 1.7, 1.5, 0.3, 65.0, 77.0, 39.0, 63.0),
(309, 309, 1.2, 2.7, 2.3, 1.7, 2.0, 0.7, 84.0, 80.0, 36.0, 49.0),
(310, 310, 2.8, 3.4, 1.9, 0.5, 3.4, 0.9, 33.0, 55.0, 57.0, 93.0),
(311, 311, 2.6, 3.0, 2.3, 0.7, 2.1, 0.3, 60.0, 46.0, 69.0, 43.0),
(312, 312, 3.5, 4.8, 0.8, 1.7, 2.9, 1.1, 32.0, 85.0, 79.0, 92.0),
(313, 313, 0.8, 3.0, 2.2, 0.4, 4.0, 1.4, 81.0, 82.0, 55.0, 84.0),
(314, 314, 2.5, 2.4, 0.6, 1.4, 3.3, 0.8, 67.0, 76.0, 37.0, 85.0),
(315, 315, 1.6, 1.9, 2.3, 0.4, 3.2, 1.2, 71.0, 57.0, 37.0, 77.0),
(316, 316, 3.9, 4.9, 1.2, 1.2, 3.8, 1.1, 40.0, 61.0, 87.0, 69.0),
(317, 317, 3.3, 3.6, 1.3, 1.0, 2.3, 1.0, 77.0, 77.0, 61.0, 86.0),
(318, 318, 1.1, 4.0, 1.2, 0.7, 3.8, 1.1, 73.0, 74.0, 51.0, 68.0),
(319, 319, 3.7, 1.4, 0.9, 1.1, 3.0, 0.8, 83.0, 94.0, 86.0, 36.0),
(320, 320, 1.2, 1.9, 1.0, 0.8, 2.8, 0.3, 75.0, 37.0, 88.0, 83.0),
(321, 321, 1.1, 2.8, 1.3, 1.1, 3.3, 1.5, 79.0, 46.0, 93.0, 53.0),
(322, 322, 2.3, 4.9, 2.5, 1.7, 3.0, 1.0, 50.0, 52.0, 72.0, 70.0),
(323, 323, 3.6, 3.4, 1.3, 1.3, 1.9, 0.8, 31.0, 70.0, 79.0, 48.0),
(324, 324, 2.1, 1.4, 1.0, 1.4, 2.6, 0.3, 90.0, 58.0, 71.0, 59.0),
(325, 325, 2.1, 2.8, 2.4, 1.2, 4.0, 0.5, 74.0, 53.0, 47.0, 81.0),
(326, 326, 3.4, 1.3, 0.6, 0.7, 3.6, 0.9, 91.0, 88.0, 75.0, 37.0),
(327, 327, 2.9, 3.0, 1.3, 0.6, 1.8, 0.7, 64.0, 76.0, 60.0, 94.0),
(328, 328, 1.5, 2.9, 0.8, 0.4, 2.3, 0.5, 70.0, 39.0, 76.0, 58.0),
(329, 329, 3.3, 3.0, 1.0, 0.6, 2.9, 1.3, 71.0, 51.0, 54.0, 90.0),
(330, 330, 3.9, 5.8, 1.8, 1.7, 3.0, 0.7, 41.0, 86.0, 90.0, 41.0),
(331, 331, 3.0, 3.6, 2.3, 1.8, 1.0, 1.2, 42.0, 67.0, 93.0, 48.0),
(332, 332, 3.1, 5.4, 2.2, 1.5, 3.8, 1.1, 77.0, 38.0, 80.0, 30.0),
(333, 333, 1.9, 5.4, 1.4, 1.0, 1.2, 0.4, 43.0, 60.0, 33.0, 82.0),
(334, 334, 3.8, 5.4, 0.9, 1.3, 2.7, 1.4, 55.0, 43.0, 66.0, 61.0),
(335, 335, 1.4, 5.5, 2.1, 0.5, 1.1, 0.3, 72.0, 52.0, 40.0, 38.0),
(336, 336, 2.5, 3.2, 1.9, 1.8, 3.5, 0.6, 48.0, 67.0, 39.0, 89.0),
(337, 337, 1.1, 5.9, 1.0, 1.5, 1.2, 0.4, 78.0, 49.0, 94.0, 44.0),
(338, 338, 2.2, 4.5, 2.2, 1.0, 3.7, 0.6, 44.0, 73.0, 40.0, 50.0),
(339, 339, 2.0, 3.6, 2.1, 1.8, 1.3, 0.7, 90.0, 88.0, 46.0, 34.0),
(340, 340, 1.0, 3.9, 2.5, 1.3, 3.3, 0.2, 75.0, 89.0, 85.0, 67.0),
(341, 341, 0.9, 1.8, 2.1, 1.5, 2.8, 1.5, 94.0, 65.0, 58.0, 85.0),
(342, 342, 1.0, 2.1, 1.4, 1.2, 1.1, 1.4, 94.0, 33.0, 73.0, 63.0),
(343, 343, 2.7, 5.6, 1.1, 1.4, 3.2, 0.4, 87.0, 46.0, 71.0, 31.0),
(344, 344, 0.9, 3.2, 0.5, 1.7, 1.3, 0.6, 39.0, 41.0, 74.0, 49.0),
(345, 345, 3.4, 4.3, 1.0, 1.7, 3.2, 0.5, 70.0, 62.0, 35.0, 89.0),
(346, 346, 0.8, 4.0, 1.3, 1.4, 3.9, 0.2, 68.0, 62.0, 88.0, 90.0),
(347, 347, 3.6, 5.5, 0.9, 1.1, 3.1, 1.1, 73.0, 56.0, 85.0, 69.0),
(348, 348, 1.5, 3.7, 1.9, 0.8, 3.4, 1.1, 44.0, 79.0, 57.0, 39.0),
(349, 349, 1.3, 4.8, 1.4, 0.7, 1.7, 0.7, 59.0, 32.0, 62.0, 45.0),
(350, 350, 1.9, 4.6, 1.4, 0.5, 1.2, 1.5, 69.0, 80.0, 76.0, 52.0),
(351, 351, 1.5, 3.4, 1.5, 1.1, 1.4, 0.2, 74.0, 31.0, 87.0, 72.0),
(352, 352, 2.0, 4.9, 1.8, 0.6, 3.5, 0.9, 35.0, 80.0, 60.0, 46.0),
(353, 353, 0.7, 5.6, 0.6, 0.8, 3.6, 1.4, 71.0, 74.0, 67.0, 37.0),
(354, 354, 0.6, 3.2, 1.1, 0.6, 3.1, 1.4, 89.0, 89.0, 48.0, 89.0),
(355, 355, 3.3, 2.6, 0.7, 1.8, 1.9, 0.6, 48.0, 87.0, 48.0, 87.0),
(356, 356, 3.5, 5.3, 1.7, 0.9, 1.7, 0.4, 93.0, 59.0, 78.0, 92.0),
(357, 357, 1.0, 3.6, 2.3, 1.4, 3.4, 1.3, 39.0, 75.0, 93.0, 76.0),
(358, 358, 2.9, 1.4, 1.6, 1.0, 1.0, 0.9, 61.0, 73.0, 85.0, 90.0),
(359, 359, 0.6, 3.6, 2.1, 1.7, 2.2, 1.1, 87.0, 85.0, 72.0, 75.0),
(360, 360, 3.3, 6.0, 1.8, 0.5, 3.6, 0.5, 64.0, 64.0, 70.0, 76.0),
(361, 361, 0.8, 1.3, 2.0, 0.8, 1.1, 1.2, 83.0, 38.0, 60.0, 66.0),
(362, 362, 0.6, 2.3, 1.7, 0.8, 3.7, 0.4, 92.0, 47.0, 68.0, 46.0),
(363, 363, 2.8, 1.8, 1.9, 0.7, 1.2, 0.4, 43.0, 95.0, 43.0, 88.0),
(364, 364, 1.3, 1.3, 1.5, 0.4, 1.7, 0.4, 34.0, 85.0, 36.0, 64.0),
(365, 365, 0.5, 4.5, 2.1, 1.3, 3.6, 1.5, 40.0, 50.0, 48.0, 42.0),
(366, 366, 2.1, 5.7, 0.6, 0.9, 2.3, 1.2, 76.0, 52.0, 88.0, 80.0),
(367, 367, 2.5, 1.4, 2.1, 0.3, 1.1, 0.5, 72.0, 48.0, 74.0, 58.0),
(368, 368, 1.7, 5.3, 1.4, 1.2, 2.4, 0.2, 65.0, 36.0, 72.0, 30.0),
(369, 369, 1.9, 3.9, 1.3, 1.0, 3.1, 0.9, 82.0, 72.0, 70.0, 51.0),
(370, 370, 1.6, 4.7, 0.7, 0.9, 3.0, 0.8, 57.0, 42.0, 67.0, 60.0),
(371, 371, 2.6, 5.8, 1.0, 1.3, 3.8, 0.7, 91.0, 78.0, 70.0, 53.0),
(372, 372, 1.9, 2.0, 1.6, 0.4, 2.1, 0.2, 65.0, 64.0, 46.0, 63.0),
(373, 373, 3.5, 2.8, 1.5, 1.7, 3.4, 1.2, 57.0, 80.0, 39.0, 47.0),
(374, 374, 1.2, 1.5, 1.3, 1.6, 3.8, 1.4, 59.0, 33.0, 52.0, 55.0),
(375, 375, 3.1, 3.7, 1.0, 1.8, 1.7, 1.2, 40.0, 94.0, 34.0, 59.0),
(376, 376, 0.8, 4.9, 1.8, 0.6, 2.2, 1.3, 69.0, 37.0, 35.0, 37.0),
(377, 377, 2.4, 5.9, 0.5, 1.6, 1.7, 1.5, 50.0, 77.0, 47.0, 49.0),
(378, 378, 2.6, 2.2, 0.7, 1.4, 1.9, 0.3, 88.0, 71.0, 43.0, 94.0),
(379, 379, 3.7, 2.6, 1.3, 0.9, 3.4, 0.9, 42.0, 72.0, 86.0, 54.0),
(380, 380, 0.8, 4.8, 0.8, 1.2, 3.8, 1.2, 45.0, 38.0, 88.0, 82.0),
(381, 381, 0.7, 3.8, 1.6, 0.7, 1.1, 0.2, 31.0, 61.0, 90.0, 71.0),
(382, 382, 3.2, 1.9, 1.9, 1.4, 1.1, 0.7, 52.0, 68.0, 77.0, 78.0),
(383, 383, 1.4, 5.5, 1.5, 1.7, 1.6, 1.2, 48.0, 73.0, 54.0, 77.0),
(384, 384, 0.7, 1.2, 2.4, 0.6, 3.1, 0.4, 76.0, 63.0, 65.0, 70.0),
(385, 385, 1.7, 1.4, 2.1, 1.1, 3.0, 0.8, 75.0, 51.0, 54.0, 74.0),
(386, 386, 3.7, 1.3, 2.1, 1.6, 2.0, 0.8, 55.0, 39.0, 35.0, 54.0),
(387, 387, 0.7, 5.7, 0.7, 0.4, 3.9, 1.2, 91.0, 78.0, 70.0, 65.0),
(388, 388, 2.8, 3.4, 1.5, 0.4, 2.2, 1.5, 82.0, 88.0, 37.0, 49.0),
(389, 389, 2.9, 3.2, 1.1, 1.0, 1.7, 1.2, 40.0, 33.0, 78.0, 32.0),
(390, 390, 2.1, 2.9, 0.9, 1.5, 2.6, 1.0, 70.0, 80.0, 57.0, 68.0),
(391, 391, 2.1, 3.2, 0.8, 1.7, 2.5, 0.5, 39.0, 37.0, 54.0, 85.0),
(392, 392, 1.4, 2.4, 1.6, 0.5, 4.0, 0.3, 90.0, 82.0, 53.0, 82.0),
(393, 393, 3.4, 2.1, 1.5, 1.3, 1.9, 1.4, 44.0, 87.0, 51.0, 81.0),
(394, 394, 1.9, 1.4, 0.6, 1.5, 3.1, 1.3, 65.0, 89.0, 60.0, 33.0),
(395, 395, 0.6, 2.7, 1.9, 1.5, 2.4, 0.8, 59.0, 84.0, 33.0, 51.0),
(396, 396, 2.4, 1.5, 0.8, 0.9, 2.3, 0.6, 86.0, 30.0, 73.0, 49.0),
(397, 397, 1.1, 2.2, 1.9, 0.4, 2.3, 0.6, 90.0, 59.0, 70.0, 66.0),
(398, 398, 3.2, 4.3, 1.9, 1.4, 3.2, 0.8, 35.0, 60.0, 84.0, 83.0),
(399, 399, 2.8, 5.4, 1.7, 0.8, 1.2, 0.4, 50.0, 53.0, 56.0, 35.0),
(400, 400, 3.5, 2.2, 1.1, 1.6, 2.4, 1.0, 45.0, 65.0, 92.0, 83.0),
(401, 401, 2.3, 5.2, 1.5, 1.8, 1.2, 0.5, 53.0, 52.0, 59.0, 76.0),
(402, 402, 1.4, 3.9, 1.6, 1.0, 2.2, 0.2, 47.0, 84.0, 39.0, 93.0),
(403, 403, 2.7, 1.1, 0.8, 0.3, 1.4, 0.9, 81.0, 87.0, 64.0, 90.0),
(404, 404, 2.5, 1.3, 1.4, 0.6, 1.6, 1.2, 41.0, 84.0, 69.0, 73.0),
(405, 405, 0.8, 4.6, 2.4, 1.4, 3.3, 0.9, 84.0, 82.0, 50.0, 73.0),
(406, 406, 3.9, 4.3, 2.5, 1.5, 3.0, 1.0, 36.0, 30.0, 74.0, 61.0),
(407, 407, 3.6, 5.5, 1.5, 1.1, 3.6, 1.3, 72.0, 49.0, 84.0, 57.0),
(408, 408, 3.9, 4.0, 2.2, 1.4, 3.8, 0.8, 38.0, 44.0, 89.0, 46.0),
(409, 409, 1.1, 1.5, 2.1, 1.6, 2.5, 1.0, 63.0, 56.0, 41.0, 69.0),
(410, 410, 0.9, 4.8, 0.9, 1.8, 3.0, 0.2, 63.0, 46.0, 80.0, 78.0),
(411, 411, 3.8, 4.8, 1.6, 0.7, 3.8, 1.5, 67.0, 84.0, 54.0, 51.0),
(412, 412, 0.6, 4.8, 1.8, 1.2, 2.9, 0.3, 58.0, 42.0, 64.0, 84.0),
(413, 413, 2.6, 2.4, 1.4, 1.2, 3.7, 0.3, 84.0, 93.0, 80.0, 59.0),
(414, 414, 1.2, 2.1, 2.1, 1.3, 2.5, 0.5, 72.0, 75.0, 38.0, 61.0),
(415, 415, 3.6, 2.4, 1.0, 1.2, 2.7, 0.7, 57.0, 56.0, 53.0, 46.0),
(416, 416, 1.1, 5.2, 1.6, 0.9, 2.1, 0.3, 79.0, 84.0, 59.0, 53.0),
(417, 417, 0.7, 3.2, 2.3, 1.0, 1.4, 0.8, 84.0, 60.0, 55.0, 66.0),
(418, 418, 1.3, 1.8, 1.3, 1.4, 1.9, 1.3, 84.0, 52.0, 36.0, 60.0),
(419, 419, 3.3, 4.6, 1.1, 0.7, 1.9, 1.3, 43.0, 81.0, 82.0, 55.0),
(420, 420, 2.8, 2.0, 2.2, 0.4, 3.4, 0.9, 52.0, 83.0, 52.0, 50.0),
(421, 421, 2.8, 2.1, 0.9, 0.7, 1.3, 1.3, 52.0, 87.0, 46.0, 62.0),
(422, 422, 0.7, 5.6, 0.5, 1.5, 2.0, 0.5, 39.0, 48.0, 64.0, 38.0),
(423, 423, 2.0, 4.1, 2.3, 1.6, 3.9, 0.3, 40.0, 66.0, 44.0, 73.0),
(424, 424, 1.5, 3.8, 1.9, 0.5, 1.8, 1.4, 83.0, 78.0, 47.0, 73.0),
(425, 425, 2.4, 1.8, 2.4, 1.2, 3.9, 1.2, 73.0, 69.0, 69.0, 31.0),
(426, 426, 1.8, 4.1, 2.2, 1.8, 3.3, 0.9, 46.0, 54.0, 86.0, 74.0),
(427, 427, 2.7, 1.7, 1.9, 1.6, 1.0, 0.8, 38.0, 49.0, 70.0, 31.0),
(428, 428, 2.0, 5.5, 2.1, 0.4, 2.2, 1.0, 48.0, 47.0, 70.0, 60.0),
(429, 429, 1.8, 2.2, 2.5, 0.5, 3.6, 1.5, 91.0, 34.0, 34.0, 42.0),
(430, 430, 1.3, 1.6, 2.0, 1.5, 1.7, 0.9, 90.0, 76.0, 39.0, 67.0),
(431, 431, 3.8, 2.6, 2.3, 0.8, 3.5, 0.9, 31.0, 93.0, 91.0, 86.0),
(432, 432, 3.0, 3.8, 2.3, 0.9, 1.4, 0.8, 54.0, 45.0, 68.0, 63.0),
(433, 433, 3.7, 5.4, 1.8, 0.8, 1.1, 0.4, 60.0, 75.0, 50.0, 77.0),
(434, 434, 1.3, 4.2, 1.4, 0.9, 2.5, 1.4, 85.0, 94.0, 86.0, 51.0),
(435, 435, 2.2, 4.4, 2.2, 1.7, 3.6, 1.1, 46.0, 50.0, 38.0, 67.0),
(436, 436, 3.4, 5.3, 1.4, 1.0, 1.5, 0.6, 32.0, 37.0, 64.0, 54.0),
(437, 437, 2.9, 5.6, 2.2, 1.5, 1.8, 0.4, 87.0, 55.0, 63.0, 92.0),
(438, 438, 1.9, 5.7, 0.5, 0.6, 1.9, 1.3, 36.0, 32.0, 82.0, 54.0),
(439, 439, 2.0, 3.9, 1.8, 0.7, 3.3, 1.0, 39.0, 52.0, 81.0, 87.0),
(440, 440, 0.8, 4.7, 0.5, 1.5, 3.6, 0.3, 64.0, 88.0, 89.0, 74.0),
(441, 441, 0.6, 2.2, 2.3, 0.7, 3.1, 0.3, 80.0, 49.0, 65.0, 43.0),
(442, 442, 3.3, 1.7, 0.5, 1.7, 1.1, 1.3, 68.0, 65.0, 74.0, 91.0),
(443, 443, 2.3, 4.8, 2.5, 1.2, 1.5, 0.7, 83.0, 77.0, 43.0, 91.0),
(444, 444, 3.9, 1.1, 0.6, 0.6, 2.3, 0.8, 82.0, 54.0, 54.0, 50.0),
(445, 445, 1.0, 1.3, 1.2, 1.4, 3.0, 1.0, 65.0, 49.0, 35.0, 92.0),
(446, 446, 3.8, 4.1, 1.8, 1.7, 2.1, 0.4, 65.0, 51.0, 95.0, 45.0),
(447, 447, 3.4, 4.6, 1.7, 1.3, 3.8, 0.9, 30.0, 86.0, 51.0, 79.0),
(448, 448, 3.8, 1.1, 2.1, 1.3, 2.8, 0.8, 61.0, 59.0, 51.0, 82.0),
(449, 449, 3.7, 2.6, 2.2, 0.5, 1.3, 0.5, 69.0, 74.0, 62.0, 76.0),
(450, 450, 0.6, 3.5, 0.9, 0.7, 3.0, 1.5, 91.0, 60.0, 56.0, 45.0),
(451, 451, 2.0, 3.4, 2.0, 1.7, 2.3, 0.9, 92.0, 80.0, 76.0, 78.0),
(452, 452, 0.7, 3.0, 0.9, 0.8, 3.1, 0.6, 31.0, 75.0, 32.0, 92.0),
(453, 453, 2.6, 5.3, 2.0, 1.3, 4.0, 0.8, 72.0, 50.0, 53.0, 60.0),
(454, 454, 2.4, 2.9, 2.2, 0.4, 3.8, 1.5, 44.0, 55.0, 31.0, 46.0),
(455, 455, 1.9, 3.5, 1.2, 0.9, 3.2, 0.3, 37.0, 58.0, 31.0, 55.0),
(456, 456, 2.7, 4.3, 2.2, 1.8, 1.6, 0.9, 65.0, 33.0, 73.0, 55.0),
(457, 457, 1.5, 2.7, 1.0, 1.4, 4.0, 0.8, 82.0, 63.0, 62.0, 80.0),
(458, 458, 1.7, 1.5, 1.9, 0.6, 2.3, 0.5, 54.0, 73.0, 71.0, 32.0),
(459, 459, 1.6, 5.9, 1.5, 0.3, 1.4, 0.4, 93.0, 34.0, 54.0, 62.0),
(460, 460, 1.0, 3.6, 2.4, 1.2, 2.5, 0.3, 56.0, 58.0, 41.0, 93.0),
(461, 461, 2.2, 1.2, 1.9, 1.2, 3.0, 1.5, 41.0, 62.0, 58.0, 63.0),
(462, 462, 3.8, 2.7, 1.1, 0.6, 1.8, 0.9, 80.0, 38.0, 75.0, 90.0),
(463, 463, 1.7, 5.5, 0.6, 1.2, 3.4, 1.4, 33.0, 72.0, 90.0, 70.0),
(464, 464, 1.4, 3.6, 1.4, 1.0, 3.1, 1.0, 41.0, 49.0, 31.0, 64.0),
(465, 465, 3.3, 5.9, 0.6, 0.9, 1.8, 0.7, 32.0, 58.0, 64.0, 40.0),
(466, 466, 2.7, 3.3, 2.2, 0.5, 1.0, 1.4, 59.0, 59.0, 69.0, 32.0),
(467, 467, 0.5, 4.6, 2.1, 0.8, 3.4, 1.1, 52.0, 52.0, 80.0, 61.0),
(468, 468, 3.1, 4.4, 2.4, 1.3, 2.3, 0.4, 37.0, 64.0, 73.0, 51.0),
(469, 469, 2.5, 2.5, 1.9, 0.4, 3.7, 0.7, 36.0, 60.0, 53.0, 82.0),
(470, 470, 2.5, 2.0, 2.4, 0.4, 3.2, 0.8, 71.0, 72.0, 41.0, 93.0),
(471, 471, 2.5, 2.7, 1.3, 0.6, 1.2, 0.5, 51.0, 30.0, 80.0, 73.0),
(472, 472, 2.6, 3.5, 1.0, 1.6, 3.6, 1.0, 65.0, 54.0, 70.0, 62.0),
(473, 473, 1.4, 5.8, 2.0, 1.1, 2.7, 0.4, 35.0, 45.0, 82.0, 88.0),
(474, 474, 3.9, 1.5, 2.0, 0.3, 3.7, 1.2, 33.0, 63.0, 91.0, 94.0),
(475, 475, 3.1, 1.3, 1.0, 0.4, 1.0, 0.8, 68.0, 82.0, 86.0, 71.0),
(476, 476, 2.4, 4.8, 1.8, 1.0, 1.2, 0.8, 33.0, 44.0, 31.0, 33.0),
(477, 477, 3.7, 3.4, 2.5, 1.5, 4.0, 1.5, 63.0, 67.0, 38.0, 45.0),
(478, 478, 3.7, 4.2, 1.6, 0.5, 1.3, 1.4, 58.0, 93.0, 52.0, 35.0),
(479, 479, 3.9, 4.8, 1.3, 1.5, 1.3, 0.9, 37.0, 35.0, 33.0, 43.0),
(480, 480, 2.5, 4.2, 2.2, 1.3, 2.8, 1.3, 69.0, 73.0, 48.0, 92.0),
(481, 481, 1.5, 3.8, 1.7, 1.5, 2.8, 1.1, 55.0, 62.0, 93.0, 53.0),
(482, 482, 1.8, 3.5, 1.9, 1.7, 2.0, 1.5, 50.0, 73.0, 50.0, 33.0),
(483, 483, 1.3, 5.6, 0.6, 1.3, 3.1, 0.6, 83.0, 42.0, 94.0, 67.0),
(484, 484, 2.0, 2.5, 2.0, 1.0, 2.4, 0.4, 39.0, 64.0, 70.0, 37.0),
(485, 485, 2.5, 4.7, 1.5, 0.5, 3.6, 1.2, 59.0, 71.0, 74.0, 68.0),
(486, 486, 2.8, 3.2, 1.9, 1.0, 2.5, 0.6, 76.0, 72.0, 94.0, 37.0),
(487, 487, 1.8, 3.8, 2.0, 1.0, 2.8, 1.3, 55.0, 60.0, 88.0, 62.0),
(488, 488, 2.7, 1.4, 0.5, 0.5, 2.8, 0.4, 53.0, 47.0, 94.0, 90.0),
(489, 489, 2.0, 4.3, 1.2, 1.3, 3.2, 1.3, 49.0, 95.0, 86.0, 30.0),
(490, 490, 0.5, 5.9, 1.9, 0.6, 3.9, 1.4, 41.0, 72.0, 55.0, 90.0),
(491, 491, 3.9, 4.7, 1.7, 1.6, 1.6, 0.8, 32.0, 37.0, 78.0, 71.0),
(492, 492, 1.1, 1.4, 2.3, 1.0, 3.8, 0.9, 43.0, 92.0, 61.0, 94.0),
(493, 493, 3.2, 2.3, 2.2, 1.2, 2.9, 1.0, 59.0, 88.0, 34.0, 92.0),
(494, 494, 1.3, 5.0, 1.1, 1.3, 3.7, 1.3, 78.0, 92.0, 70.0, 44.0),
(495, 495, 1.5, 1.3, 1.3, 0.6, 4.0, 1.3, 42.0, 34.0, 58.0, 32.0),
(496, 496, 2.6, 1.2, 2.4, 0.4, 3.9, 0.7, 81.0, 94.0, 46.0, 44.0),
(497, 497, 1.6, 2.0, 1.8, 1.1, 3.7, 0.9, 50.0, 76.0, 55.0, 60.0),
(498, 498, 3.7, 3.5, 2.5, 0.9, 1.8, 1.4, 48.0, 74.0, 40.0, 93.0),
(499, 499, 2.2, 5.0, 1.3, 0.6, 3.0, 1.5, 33.0, 87.0, 81.0, 81.0),
(500, 500, 2.0, 3.2, 1.0, 1.1, 3.7, 0.9, 71.0, 63.0, 32.0, 58.0);

